Location,Floor,Direction,Section,Distribution,Parameters
北棟病床,B4,up,0,nakagami,"(0.6028502933061558, -0.7265742207776398, 265.13239672519126)"
北棟病床,B4,up,1,chi,"(1.561793717123183, -7.190627780897334, 257.5141554893552)"
北棟病床,B4,up,2,erlang,"(2, -18.659603639258762, 87.66622207066843)"
北棟病床,B4,up,3,pearson3,"(1.7860455430565827, 329.70572688922124, 295.23790568151617)"
北棟病床,B3,up,0,johnsonsu,"(-6.7785055180146685, 1.530224396564397, -77.60809564355418, 9.217637345222808)"
北棟病床,B3,up,1,genlogistic,"(773.9761185767309, -1211.5826657735042, 228.71332330462678)"
北棟病床,B3,up,2,burr,"(3.3225687294434954, 72.34464818812938, -379.5021447434806, 165.62298742019806)"
北棟病床,B3,up,3,johnsonsb,"(0.9823401256452118, 0.5818889471239039, -4.19778223266977, 2969.88522286811)"
北棟病床,B3,down,0,invgauss,"(0.6776741939936898, -134.27936718029633, 1347.293029374785)"
北棟病床,B3,down,1,loglaplace,"(1.2074455443272556, -0.8542512800045701, 541.8542290786902)"
北棟病床,B3,down,2,exponweib,"(11.469887117593093, 0.4438893108349077, -66.36920443769901, 49.1255385623447)"
北棟病床,B3,down,3,johnsonsb,"(0.24448828388018168, 0.42044129872455177, -0.2255326991385347, 2976.3034534590433)"
北棟病床,B1,up,0,nakagami,"(0.593459321367521, -0.4846258780304817, 242.86848298463684)"
北棟病床,B1,up,1,johnsonsb,"(1.568833523753071, 1.0813100390823702, -17.91066567462748, 1069.6978596150743)"
北棟病床,B1,up,2,betaprime,"(2.455514301492989, 31.309114720503985, -9.450681980782557, 2236.5175722958215)"
北棟病床,B1,up,3,gamma,"(1.2642585391302048, -0.3125513254477703, 173.03298078460352)"
北棟病床,B1,down,0,mielke,"(268.53472895901547, 3.586462046697789, -521.0772753600111, 235.80447074486403)"
北棟病床,B1,down,1,rayleigh,"(-93.10273505978596, 400.52380799995166)"
北棟病床,B1,down,2,invgamma,"(4.023109042690312, -208.00992694804518, 2057.1808253469235)"
北棟病床,B1,down,3,gausshyper,"(0.8835828621267752, 2.5482005606291223, 1.6533588276194688, 1.32156599179937, -3.5482203183641536e-24, 3503.900132001938)"
北棟病床,01,up,0,foldnorm,"(0.014516525461522753, -1.517235307206234e-10, 215.8654322547117)"
北棟病床,01,up,1,gompertz,"(1.511812403941868, -9.965823370033111e-14, 466.0638007990534)"
北棟病床,01,up,2,fatiguelife,"(0.505609264982326, -55.801717394179086, 194.61561428127345)"
北棟病床,01,up,3,mielke,"(1.457286258647379, 2.6869450937735326, -2.1503973581530698, 184.88297290043784)"
北棟病床,01,down,0,ncx2,"(0.16706965301636398, 10.172455822846894, -0.006560790110515774, 28.26214292591169)"
北棟病床,01,down,1,chi,"(59.063241033358224, -1956.984896754725, 300.5529559283141)"
北棟病床,01,down,2,mielke,"(1.2913755451283961, 3.709561658546612, -1.501891768590381, 436.60159323772825)"
北棟病床,01,down,3,beta,"(1.0885914484524477, 145.27164542310146, -0.06250361860673942, 51706.22702683067)"
北棟病床,02,up,0,fatiguelife,"(0.812429518746044, -118.73184571509731, 576.9468725730533)"
北棟病床,02,up,1,gompertz,"(6.684328705175837, -2.2400094005428315e-12, 5608.147765952066)"
北棟病床,02,up,2,johnsonsu,"(-6.161296643747578, 1.192614947330195, -90.30089854041182, 6.343684393503263)"
北棟病床,02,up,3,chi,"(0.49877850990468137, 1.9999999999999996, 2141.599519446878)"
北棟病床,02,down,0,invgamma,"(3.4610123547771687, -275.8060328145342, 2317.4691422193737)"
北棟病床,02,down,1,loglaplace,"(1.2223099543081508, -0.8539488057247927, 497.8539215413324)"
北棟病床,02,down,2,foldcauchy,"(1.3587086543684128, 1.9999999981633918, 281.7072189676978)"
北棟病床,02,down,3,burr,"(17.39733519843046, 0.05110864923618927, -7.558781416305582, 2579.624380048752)"
北棟病床,03,up,0,johnsonsu,"(-6.430398660232921, 1.2743334614109108, -75.12303197394644, 5.985089865054427)"
北棟病床,03,up,1,genhalflogistic,"(7.100640828773145e-05, -7.416786567245203e-07, 342.08215876652423)"
北棟病床,03,up,2,gengamma,"(2.847658337409152, -1.098394962530063, -208.74501591019936, 1276.926075651515)"
北棟病床,03,up,3,johnsonsb,"(0.9589950345797096, 0.6170735612399315, -6.2619733534767015, 2999.127504910294)"
北棟病床,03,down,0,burr,"(3.406734214316046, 48.435466434987404, -490.83039142044095, 241.77778437100596)"
北棟病床,03,down,1,gamma,"(2.16078370161767, -31.183898606523556, 197.84508243397426)"
北棟病床,03,down,2,mielke,"(212.72825165602933, 3.7821577371302255, -466.1787428069702, 238.51350956246472)"
北棟病床,03,down,3,lomax,"(400194.34578170883, 1.9999865496039062, 231530017.24425024)"
北棟病床,04,up,0,burr,"(3.3757050452675887, 104.79260040068914, -420.0072528972262, 160.09909292916177)"
北棟病床,04,up,1,foldnorm,"(0.023312235988540722, -9.185828718710136e-14, 469.6738747342647)"
北棟病床,04,up,2,genextreme,"(-0.28526527420634584, 209.30090528597097, 181.05386653851306)"
北棟病床,04,up,3,johnsonsb,"(1.2265272052694898, 0.6556991800241192, -8.0520404055652, 3191.7312494885487)"
北棟病床,04,down,0,genextreme,"(-0.28174835204182447, 266.1645552015816, 235.5460171138834)"
北棟病床,04,down,1,kstwobign,"(-531.2524041886599, 1101.0756592903003)"
北棟病床,04,down,2,burr,"(3.2512397112714035, 457.56552110015605, -391.8409341564539, 95.64993101240042)"
北棟病床,04,down,3,expon,"(1.0, 556.6392496392497)"
北棟病床,05,up,0,gilbrat,"(-31.71545216596111, 134.0400394122195)"
北棟病床,05,up,1,gilbrat,"(-22.722372226299623, 97.6634712980185)"
北棟病床,05,up,2,gilbrat,"(-21.522188494675465, 94.61604669271964)"
北棟病床,05,up,3,halfcauchy,"(-3.779341863756329e-12, 156.69102082294017)"
北棟病床,05,down,0,expon,"(0.0, 291.24844720496895)"
北棟病床,05,down,1,exponnorm,"(2706.966284540464, -0.19574984041868077, 0.08373682266774624)"
北棟病床,05,down,2,exponnorm,"(2127.755184364045, -0.20260970823190477, 0.10816962475504305)"
北棟病床,05,down,3,halfgennorm,"(0.735464582188752, -1.953806051637139e-05, 241.843274103849)"
北棟病床,06,up,0,johnsonsu,"(-6.3008709795379865, 1.3373459301211135, -90.58606569225407, 10.955583244851887)"
北棟病床,06,up,1,johnsonsu,"(-6.563651514083855, 1.4807879408146123, -114.6059701911503, 15.273317154342088)"
北棟病床,06,up,2,f,"(2.5763963900299243, 1396.4796591963368, -0.02027853716834474, 661.8652455685512)"
北棟病床,06,up,3,johnsonsb,"(0.8734974700035151, 0.6902992117262605, 1.4172626567947932, 3057.5813493084797)"
北棟病床,06,down,0,betaprime,"(56.08005692362215, 5.353246958405219, -216.1929016891627, 47.424828314125904)"
北棟病床,06,down,1,gausshyper,"(0.9037564742228956, 16.00333844663409, -8.06905081704398, 2.3152609401298943, -3.019923481031289e-17, 2419.3651271978383)"
北棟病床,06,down,2,halfnorm,"(-7.626826211032116e-11, 380.3034718916891)"
北棟病床,06,down,3,expon,"(1.0, 448.0101694915254)"
北棟病床,07,up,0,chi2,"(2.3595410703555055, 1.2196723674227061, 358.2519892671303)"
北棟病床,07,up,1,mielke,"(1.280979811901714, 2.783287013392711, -8.742696924615773, 901.1699312792016)"
北棟病床,07,up,2,fatiguelife,"(0.8340791678739121, -90.43293563996842, 617.4541505871803)"
北棟病床,07,up,3,johnsonsb,"(0.540692556489141, 0.5787884011194797, -9.193814969855355, 3036.5067864702437)"
北棟病床,07,down,0,loglaplace,"(1.2977019728051835, -0.9685153250285732, 359.96852234735854)"
北棟病床,07,down,1,exponpow,"(0.9258651344447486, -8.508087300110283e-28, 607.0929138456522)"
北棟病床,07,down,2,fatiguelife,"(0.5958145989736006, -86.43403971203449, 329.8486584078165)"
北棟病床,07,down,3,pearson3,"(1.9184594218394961, 495.4447765104351, 475.33454100467975)"
北棟病床,08,up,0,burr,"(3.271740151562028, 0.2908852795353788, 0.9998557664921264, 1256.5161976652796)"
北棟病床,08,up,1,genhalflogistic,"(0.016061877775801738, -5.240895578421539e-10, 479.7835439886797)"
北棟病床,08,up,2,genpareto,"(-0.17981691173427194, 1.9999999969000002, 886.3879257340022)"
北棟病床,08,up,3,johnsonsb,"(0.6249906450434041, 0.5469475719619586, 21.277814122838652, 2923.1871991730495)"
北棟病床,08,down,0,johnsonsu,"(-7.253095276656058, 1.6008284617458344, -99.48306356477445, 8.721804183661824)"
北棟病床,08,down,1,kstwobign,"(-520.6600203766031, 1043.3257952749336)"
北棟病床,08,down,2,johnsonsu,"(-7.205397785306037, 1.598889952913403, -83.45365940017749, 7.667757975598377)"
北棟病床,08,down,3,pearson3,"(1.8680300498745137, 463.2754433504441, 432.9488544483284)"
北棟病床,09,up,0,pearson3,"(1.6194196063071296, 970.7273110812079, 794.6287912605947)"
北棟病床,09,up,1,johnsonsu,"(-6.0900981161169945, 1.1249932289770337, -68.32797939951962, 5.189167485798473)"
北棟病床,09,up,2,gamma,"(1.260896995063348, -1.9117517087935543, 679.367826343667)"
北棟病床,09,up,3,gausshyper,"(1.3907580922665757, 0.6212287331360851, 2.786431207605423, 2.230794813034228, -42.314067560871734, 3011.314067560872)"
北棟病床,09,down,0,betaprime,"(52.51879283838635, 6.090521754218491, -197.57927536325428, 52.99548704601111)"
北棟病床,09,down,1,chi,"(1.1093926663117952, -0.35114888886770657, 372.5868868715254)"
北棟病床,09,down,2,nakagami,"(0.5595837931488497, -0.23713242599184864, 314.61657074629613)"
北棟病床,09,down,3,burr,"(2.2533574774933616, 0.4715761154466518, 0.8054010000498868, 474.84964932682044)"
北棟病床,10,up,0,halflogistic,"(1.9999999998491196, 587.7348902008821)"
北棟病床,10,up,1,mielke,"(163.24248571804236, 3.609887603436942, -810.5869324829978, 419.5901789115542)"
北棟病床,10,up,2,johnsonsu,"(-6.4410681845410895, 1.2436311487554577, -101.19750539212757, 7.200552391923495)"
北棟病床,10,up,3,johnsonsb,"(0.5029127972624468, 0.4744242599967804, -1.1853426506505471, 3015.463671773484)"
北棟病床,10,down,0,fisk,"(2.2541349623189717, -54.890102210442635, 477.03331641717205)"
北棟病床,10,down,1,gamma,"(2.0315189516995273, -57.789522089186164, 278.56249785931266)"
北棟病床,10,down,2,mielke,"(1.2033298237916963, 2.9051844083312517, -1.3258858647105978, 494.6795821979442)"
北棟病床,10,down,3,johnsonsb,"(0.9822341283675258, 0.5898357820088895, -5.479752258791473, 2765.924443636921)"
北棟病床,11,up,0,f,"(2.2687892119249984, 302.93632626661326, -3.9258895897805743, 932.0966769157931)"
北棟病床,11,up,1,fatiguelife,"(0.7909312224520475, -163.08196982123872, 746.0683008444478)"
北棟病床,11,up,2,nakagami,"(0.40863294896146485, 2.9999999999999996, 1104.7338223876568)"
北棟病床,11,up,3,johnsonsb,"(0.38311541576970337, 0.41318837169920086, -0.17890056969762344, 2969.250439603084)"
北棟病床,11,down,0,beta,"(1.5773757016232102, 12.393021814315038, -7.213466317716982, 2838.6128381866574)"
北棟病床,11,down,1,foldnorm,"(0.9028545690062467, -6.462080045306758e-12, 275.4622027330478)"
北棟病床,11,down,2,gamma,"(1.8972187553139366, -7.101514697148188, 134.45124794094403)"
北棟病床,11,down,3,beta,"(1.1213687013777132, 1388108.9284084702, -0.18699721932053281, 431634018.1952957)"
北棟病床,12,up,0,johnsonsb,"(0.5108293087219592, 0.5853947359929941, -7.3788345221278835, 3062.1761075613376)"
北棟病床,12,up,1,gausshyper,"(0.877929024506535, 2.885563071348667, 1.2130824350880345, 0.5122589092578352, 16.999999999999996, 3895.3280498426197)"
北棟病床,12,up,2,chi2,"(3.0683414990853692, -15.690106079190393, 334.7749805871838)"
北棟病床,12,up,3,johnsonsb,"(0.2683472390396984, 0.31775487542454467, 0.950213727829067, 2833.3513349302125)"
北棟病床,12,down,0,johnsonsu,"(-6.89375084908713, 1.6628471263408322, -91.16847003043938, 12.356309332557949)"
北棟病床,12,down,1,beta,"(2.38952112286517, 11.106327985642451, -53.75274107810695, 2339.9695277413184)"
北棟病床,12,down,2,invgamma,"(5.438868524166001, -166.66529954642857, 2010.1161581893048)"
北棟病床,12,down,3,pearson3,"(1.9036756289772918, 438.2643296286519, 417.3329766901678)"
北棟病床,13,up,0,genpareto,"(-0.43016518149299576, 1.9999999969801836, 1407.2731867530872)"
北棟病床,13,up,1,halflogistic,"(-2.3768307891977648e-11, 607.5354748719933)"
北棟病床,13,up,2,gausshyper,"(1.0101268502739353, 0.8836221653546565, 2.3967545779635095, 1.1867411127612404, 2.565041848933479, 2846.434958151067)"
北棟病床,13,up,3,johnsonsb,"(0.39862166590228276, 0.43063799345256126, 2.9622496475939117, 3004.7026756450978)"
北棟病床,13,down,0,johnsonsu,"(-6.853255848337469, 1.6936789606845992, -77.04672996876072, 12.687103090411863)"
北棟病床,13,down,1,beta,"(2.2783164432311125, 84.0458129339973, -23.18210313401547, 13952.708538433992)"
北棟病床,13,down,2,johnsonsu,"(-6.633829168913056, 1.714633300850846, -62.64631734915237, 12.573868366259)"
北棟病床,13,down,3,invgamma,"(2.7824419660990385, -137.32686780220467, 1092.3242266844536)"
北棟病床,14,up,0,johnsonsb,"(0.4310163463157873, 0.6418373815604745, -9.665226837090417, 2897.93587121168)"
北棟病床,14,up,1,gausshyper,"(1.1117095897986995, 1.367246944497262, 2.467208667046824, 1.0528546713368137, -0.893947202465029, 2889.944399828792)"
北棟病床,14,up,2,gausshyper,"(1.1379416842035015, 0.9583817622893096, 2.2980004220102925, 1.681014579425043, 3.10423838219821, 2964.8957616178022)"
北棟病床,14,up,3,halfgennorm,"(0.2696952903869119, 53.999999999999986, 4.7007074191152824)"
北棟病床,14,down,0,mielke,"(1.2003704550484282, 3.2292396361044573, -1.283990081343545, 597.441270897939)"
北棟病床,14,down,1,nakagami,"(0.6034500145182851, -0.6975259067962195, 451.6983409320047)"
北棟病床,14,down,2,mielke,"(1.454526400396321, 3.3305770890338895, -0.8775488088507752, 405.1631984470164)"
北棟病床,14,down,3,f,"(3.3130407656881906, 12.841210653705515, -3.1762330887499166, 379.0181103327651)"
北棟病床,15,down,0,betaprime,"(5.794315322732395, 4.899687325104363, -85.7376507475783, 362.7861557492838)"
北棟病床,15,down,1,beta,"(1.8419492247896323, 14.754598530175663, -8.8673406608596, 3463.224947675096)"
北棟病床,15,down,2,johnsonsb,"(3.889834077440612, 1.4593909084570482, -41.479737014248045, 4609.815169439575)"
北棟病床,15,down,3,expon,"(0.0, 462.268779342723)"
北棟客梯,B1,up,0,johnsonsu,"(-4.877994512301009, 2.493694932483998, -66.17259345212696, 69.32890339722098)"
北棟客梯,B1,up,1,rice,"(0.0005535716251840064, -12.372234450722573, 179.3007958186008)"
北棟客梯,B1,up,2,gausshyper,"(2.4135325690242997, 28.116932579887113, -6.470043032219024, 4.12647824699809, -7.008773666561767, 1525.3678348408919)"
北棟客梯,B1,up,3,loglaplace,"(1.611022602142116, -0.5433661427170826, 194.54336578061805)"
北棟客梯,B1,down,0,genpareto,"(-0.7293597920393218, 11.99999999787087, 2062.682606089874)"
北棟客梯,B1,down,1,gausshyper,"(0.9813588068386112, 0.9244602067112412, 2.3666687311885206, 1.2163071659613598, 4.999999999999999, 2942.7103957525123)"
北棟客梯,B1,down,2,beta,"(0.7951531420946403, 1.4403951864182845, 38.99999999999999, 3013.3834935231407)"
北棟客梯,B1,down,3,dweibull,"(3.8023744592192887, 1361.0072287658809, 863.2553182375925)"
北棟客梯,01,up,0,rayleigh,"(-13.643539935615546, 137.45310144829543)"
北棟客梯,01,up,1,dweibull,"(1.5764390315805639, 177.59795783985393, 100.15182602322734)"
北棟客梯,01,up,2,mielke,"(1.3813911727813313, 12.78600400755436, -1.2625180411235255, 299.3199432612273)"
北棟客梯,01,up,3,johnsonsb,"(2.2313104545899223, 1.352792531936028, -7.61967159362335, 702.9908229155441)"
北棟客梯,01,down,0,gengamma,"(2.6617205533727093, -1.0033671571115896, -176.5540674821264, 1438.3998594560971)"
北棟客梯,01,down,1,exponnorm,"(7.149008552304197, 73.19760633870877, 72.6766951064068)"
北棟客梯,01,down,2,invgauss,"(0.6058907632228256, -142.7827984958064, 1459.0656096591292)"
北棟客梯,01,down,3,gausshyper,"(1.013229269247006, 1.5994287855925533, 1.6198206457545332, 1.1279293620041555, 8.942473559436372, 3039.8384681331054)"
北棟客梯,02,up,0,mielke,"(91.34193618379129, 2.5012246281867183, -370.8580430524255, 169.416802625399)"
北棟客梯,02,up,1,gennorm,"(0.529136046847362, 323.00000000097555, 104.10118897089478)"
北棟客梯,02,up,2,exponnorm,"(7.163317963622086, 78.93420396278117, 89.02959778881717)"
北棟客梯,02,up,3,exponpow,"(0.5141068863521505, 60.99999999999999, 2006.5314400533616)"
北棟客梯,02,down,0,exponnorm,"(12.212157721314242, 71.61376412009926, 72.11538183749356)"
北棟客梯,02,down,1,fatiguelife,"(0.7899450075809931, -124.08863253255285, 758.7762224282519)"
北棟客梯,02,down,2,exponnorm,"(7.500290157676476, 92.05244108884847, 95.1622275703497)"
北棟客梯,02,down,3,pearson3,"(2.5332726089637063, 566.3477427279695, 514.6948031834982)"
北棟客梯,04,up,0,genextreme,"(-0.404889336597658, 352.6748522845197, 307.66453282786847)"
北棟客梯,04,up,1,dweibull,"(0.7985801543663638, 304.9999999999999, 414.3868059386268)"
北棟客梯,04,up,2,johnsonsu,"(-1.3717250009515998, 1.0078680153100774, 163.06253031735986, 131.68010059890833)"
北棟客梯,04,up,3,johnsonsb,"(0.6348031651416279, 0.597363376209309, 27.359383537442312, 3011.1731367138063)"
北棟客梯,04,down,0,exponnorm,"(8.163240335912043, 93.16491567589155, 71.47317420310162)"
北棟客梯,04,down,1,genextreme,"(-0.26412872405539184, 260.36476499952585, 196.83485659340192)"
北棟客梯,04,down,2,betaprime,"(2.184159539172004, 7.464296038387722, -9.463857439328624, 1477.186735596083)"
北棟客梯,04,down,3,lomax,"(9005.70948389353, 30.999873405960486, 5106495.529203811)"
北棟客梯,08,up,0,invweibull,"(2.7480282167958414, -402.06304314133126, 713.487840617963)"
北棟客梯,08,up,1,invweibull,"(2.9874563435803383, -400.50723767957163, 680.2967738208852)"
北棟客梯,08,up,2,johnsonsu,"(-6.345649738018944, 1.3286241309785618, -67.36030734679102, 8.449094334180778)"
北棟客梯,08,up,3,beta,"(0.9698316293195615, 3.9404569013031567, 16.999999999999996, 4493.039034812617)"
北棟客梯,08,down,0,exponnorm,"(2.1938942957070653, 122.40542584651485, 80.45557123093337)"
北棟客梯,08,down,1,dgamma,"(0.882943479342404, 285.9999999999999, 136.28335210046913)"
北棟客梯,08,down,2,foldcauchy,"(3.4321001011897856, 0.9999999999251672, 69.89226094509206)"
北棟客梯,08,down,3,loglaplace,"(1.587054118592318, -0.7622970220535279, 250.76226942796572)"
北棟客梯,09,up,0,genpareto,"(-0.3778815837435636, 8.999999999996252, 1293.4179903662257)"
北棟客梯,09,up,1,invgauss,"(1.0357466502388482, -106.58187876325164, 926.6457124916625)"
北棟客梯,09,up,2,f,"(2.742400180533725, 92352.0021514385, -4.17654913461519, 948.1291157101239)"
北棟客梯,09,up,3,johnsonsb,"(0.2361151420967472, 0.3649373692121549, 56.505387135465625, 2739.4020682922514)"
北棟客梯,09,down,0,genlogistic,"(444.1978338562858, -581.7288544373091, 126.21722218071153)"
北棟客梯,09,down,1,dweibull,"(1.1354871548497134, 246.44943088944393, 106.57508966920419)"
北棟客梯,09,down,2,logistic,"(214.70614700344154, 68.39748497667915)"
北棟客梯,09,down,3,fisk,"(2.5054120833848845, -8.279401004069271, 219.75242277835602)"
北棟客梯,10,up,0,f,"(2.8598726108718253, 908.0185791352255, -8.527495267221873, 927.8448837786589)"
北棟客梯,10,up,1,gennorm,"(0.560646529638231, 341.99999981490237, 125.89979880859616)"
北棟客梯,10,up,2,foldnorm,"(0.7007786079940024, 29.999999999992347, 984.7591008916359)"
北棟客梯,10,up,3,betaprime,"(0.5685500737219918, 1.9773459617738343, 7.999999999999999, 2695.4627708043063)"
北棟客梯,10,down,0,exponnorm,"(6.874449880694524, 68.921994517097, 73.03783742542446)"
北棟客梯,10,down,1,exponnorm,"(4.721759277316684, 113.69619136226336, 105.33683509104549)"
北棟客梯,10,down,2,foldcauchy,"(1.8480435341408823, 2.9999999999989386, 148.91773722019798)"
北棟客梯,10,down,3,johnsonsb,"(0.6992787893037067, 0.6551722198714964, -5.296189942249856, 3027.1901760901496)"
北棟客梯,11,up,0,bradford,"(1.531185836715244, 0.9999977331560477, 2910.002624715028)"
北棟客梯,11,up,1,fatiguelife,"(0.8291413351048894, -136.57533843400887, 769.924911524174)"
北棟客梯,11,up,2,chi2,"(2.434522689057346, -1.0594466003826444, 431.30102368107976)"
北棟客梯,11,up,3,bradford,"(4.7937635723445755, 96.40318656415948, 2791.4058988488305)"
北棟客梯,11,down,0,burr,"(3.3251744354510056, 0.5470793164322695, -6.920294206770823, 335.97121658314137)"
北棟客梯,11,down,1,gennorm,"(1.269392567438901, 254.81199739603997, 148.1639500186114)"
北棟客梯,11,down,2,gennorm,"(1.1971634139392453, 227.88763997174954, 123.8919696734091)"
北棟客梯,11,down,3,loglaplace,"(1.6138317639992126, -0.8412173775124088, 221.84125323078075)"
北棟客梯,12,up,0,exponnorm,"(9.985525202210571, 81.08469189442391, 100.78980956263962)"
北棟客梯,12,up,1,johnsonsb,"(0.5189594279883564, 0.5191131693762843, 20.337762439286838, 2966.151007962744)"
北棟客梯,12,up,2,beta,"(0.9051692315112823, 1.7385769794095949, 42.99999999999999, 2893.8258904257627)"
北棟客梯,12,up,3,beta,"(0.7052343385859754, 1.4047548384738118, 52.99999999999999, 3002.5150444578044)"
北棟客梯,12,down,0,invgamma,"(6.854853143566579, -135.45299115218495, 2272.339752894201)"
北棟客梯,12,down,1,genlogistic,"(213.4517812482075, -452.3105422453557, 119.87007258464254)"
北棟客梯,12,down,2,burr,"(4.539096395640712, 0.43959739326475944, -4.135191829813548, 298.2444277539381)"
北棟客梯,12,down,3,alpha,"(3.4697799863868513, -261.309645859994, 1614.011263999564)"
北棟客梯,13,up,0,johnsonsb,"(0.33574626588736023, 0.42513935064814456, 1.7592783472708682, 2918.5378068867303)"
北棟客梯,13,up,1,johnsonsb,"(0.506738061604771, 0.43797800412819643, 73.2166205108175, 2892.348604662467)"
北棟客梯,13,up,2,johnsonsb,"(0.36149317363598976, 0.4660465553754096, 36.936088588366715, 2943.9348579052216)"
北棟客梯,13,up,3,f,"(0.8948098092116263, 2476.7541142973078, 32.999918160785, 1216.6423157163783)"
北棟客梯,13,down,0,exponnorm,"(2.383623494675341, 106.82652156845197, 72.44763421953122)"
北棟客梯,13,down,1,dweibull,"(1.0605362286204447, 261.71706311700507, 116.15766822400433)"
北棟客梯,13,down,2,gennorm,"(1.1188639700038925, 232.0010934770499, 111.74097483648723)"
北棟客梯,13,down,3,fisk,"(2.509894238405379, -12.444927575082838, 223.1857900150854)"
北棟客梯,14,up,0,beta,"(0.7704232664389064, 0.7915054250534685, 85.99999999999999, 2881.241394896794)"
北棟客梯,14,up,1,wald,"(-65.31632352750901, 1143.404449607351)"
北棟客梯,14,up,2,johnsonsb,"(0.4431279635861197, 0.549066403118444, 34.07193864280774, 2934.5229314242106)"
北棟客梯,14,up,3,beta,"(0.5415549268373776, 0.5031501730378876, -236.1936906094685, 2893.193690609469)"
北棟客梯,14,down,0,genextreme,"(-0.1452298632587694, 192.1352516291775, 134.80714200539748)"
北棟客梯,14,down,1,logistic,"(253.13175490340416, 84.13233530292095)"
北棟客梯,14,down,2,burr,"(4.302217593023624, 0.3806312512030444, -0.21043426230186515, 325.6646617845073)"
北棟客梯,14,down,3,burr,"(2.2451789213359588, 0.8877923295005824, -1.8488133331665844, 253.40786725759978)"
北棟客梯,15,down,0,invgamma,"(5.228120298136913, -148.02122881099197, 1951.253180386992)"
北棟客梯,15,down,1,burr,"(7.811364758244961, 1108.3421011136377, -791.0006820669305, 399.1456721510642)"
北棟客梯,15,down,2,johnsonsu,"(-3.5465278908807782, 1.8828324090978767, -20.57725176905583, 76.73822649439646)"
北棟客梯,15,down,3,pearson3,"(1.6807777936438537, 358.740332906429, 293.3730037243447)"
南棟病床,B4,up,0,mielke,"(0.8408407296610723, 3.0062774935663663, -0.0017676295557117888, 360.11777988578115)"
南棟病床,B4,up,1,genhalflogistic,"(0.005022609931297451, -2.8464706283540544e-11, 195.40590629637052)"
南棟病床,B4,up,2,invgauss,"(0.4389902846332705, -86.83707765428971, 934.127728743003)"
南棟病床,B4,up,3,foldcauchy,"(6.440938479692975e-05, 0.9999210758723707, 90.9789469226173)"
南棟病床,B3,up,0,alpha,"(2.151551973037531, -347.3600735152179, 1344.050021334378)"
南棟病床,B3,up,1,pearson3,"(2.2786985965275526, 558.3521460118052, 636.158125742624)"
南棟病床,B3,up,2,beta,"(0.9852892548917177, 7.111030882039222, 1.9999999999999998, 5794.571555012466)"
南棟病床,B3,up,3,gilbrat,"(-13.222870667177656, 84.4806265758285)"
南棟病床,B3,down,0,halfcauchy,"(-2.7600049015194105e-08, 143.90939992223835)"
南棟病床,B3,down,1,halfgennorm,"(0.2573449621380398, 1.0, 1.67839930618113)"
南棟病床,B3,down,2,johnsonsb,"(0.8642973494376848, 0.5249226784006669, -4.19770546154977, 2926.507928748343)"
南棟病床,B3,down,3,fatiguelife,"(1.3424306249323399, 4.4543322152874225, 36.75939103026107)"
南棟病床,B1,up,0,mielke,"(0.8854988510121613, 3.2164192779746426, -0.004449095648729862, 204.85590894292218)"
南棟病床,B1,up,1,betaprime,"(15.641541535525793, 5.292480724470067, -73.8677251057349, 55.79033963623641)"
南棟病床,B1,up,2,johnsonsu,"(-7.063211413440143, 1.7328888278759624, -32.26196541688307, 4.588626281850011)"
南棟病床,B1,up,3,exponnorm,"(12.00919065352134, 7.720907815227567, 10.184126135647539)"
南棟病床,B1,down,0,invweibull,"(2.334667554831704, -306.2414558199343, 524.6532871645256)"
南棟病床,B1,down,1,gengamma,"(0.0006049863677558202, -19194509.261645816, -5242146.201213804, 5242145.538125841)"
南棟病床,B1,down,2,mielke,"(200.8068883654883, 2.612328889651021, -301.14120000684727, 98.88516461680837)"
南棟病床,B1,down,3,fatiguelife,"(1.9022597917957127, -9.14189316376859, 228.34373548365053)"
南棟病床,01,up,0,foldnorm,"(0.0067329336448709205, -8.262700922360194e-11, 159.60860109138815)"
南棟病床,01,up,1,gompertz,"(4.3773360686976535, -4.196680959048315e-07, 670.5243541960792)"
南棟病床,01,up,2,johnsonsb,"(2.278131047690095, 1.298008280405457, -20.348684364699146, 924.084943458256)"
南棟病床,01,up,3,chi2,"(2.17444957031716, -0.08113071719222606, 63.218491272132596)"
南棟病床,01,down,0,burr,"(2.098775380800873, 44.82128939806976, -241.84595580838152, 70.02564652678865)"
南棟病床,01,down,1,genextreme,"(-0.39568683429124185, 193.18945906779544, 211.68468578098435)"
南棟病床,01,down,2,genextreme,"(-0.46048802575076503, 215.07241205585024, 210.8774310581103)"
南棟病床,01,down,3,invgauss,"(5.972087721205099, -10.407748488279015, 85.89940829504792)"
南棟病床,02,up,0,johnsonsu,"(-4.6268419678087165, 0.6046375698873863, -3.0401815932704856, 0.20327004213761168)"
南棟病床,02,up,1,halfgennorm,"(0.6535440817789515, -2.9316260149811554e-11, 259.1612024141356)"
南棟病床,02,up,2,halfgennorm,"(0.5618639880064618, -2.575250618007636e-08, 173.6954983074561)"
南棟病床,02,up,3,chi2,"(1.00341463191533, 66.99999999999999, 1.0609810140673346)"
南棟病床,02,down,0,pearson3,"(2.3854872909728826, 479.9164297332984, 572.417271928932)"
南棟病床,02,down,1,fatiguelife,"(1.592253319554775, -17.94044545498101, 289.44515599349165)"
南棟病床,02,down,2,fatiguelife,"(1.527256195712039, -13.561721958996527, 251.34470342115924)"
南棟病床,02,down,3,foldcauchy,"(0.0005940776280083564, 3.999999999962517, 77.30568002677393)"
南棟病床,03,up,0,gompertz,"(1038530830921.8168, -2.9314536037859625e-12, 330342319152905.25)"
南棟病床,03,up,1,halflogistic,"(-3.891994239961635e-06, 216.86684907895)"
南棟病床,03,up,2,burr,"(2.8593835014793, 0.33445754355891566, -3.6978652556200267, 556.9746406012805)"
南棟病床,03,up,3,halfcauchy,"(-5.435557893479627e-12, 113.74243000185646)"
南棟病床,03,down,0,expon,"(0.0, 391.9802816901408)"
南棟病床,03,down,1,alpha,"(2.9241224572419524, -416.111893716861, 1911.4780697749911)"
南棟病床,03,down,2,genextreme,"(-0.27941034557126376, 192.244952261531, 156.80126608350048)"
南棟病床,03,down,3,genpareto,"(0.39243343878498704, 0.9999999996258708, 265.8681547356583)"
南棟病床,04,up,0,pearson3,"(2.0958322790264043, 359.8278349104635, 377.06939564876683)"
南棟病床,04,up,1,exponnorm,"(1874.2589371257973, -0.33627024654163473, 0.1862557383653516)"
南棟病床,04,up,2,genextreme,"(-0.4354317060655155, 226.1951162298651, 219.71045045529178)"
南棟病床,04,up,3,gilbrat,"(-16.620065730897426, 98.95939196475746)"
南棟病床,04,down,0,wald,"(-84.17382452724728, 504.1493352326272)"
南棟病床,04,down,1,exponnorm,"(1999.7554971825575, -0.2948723484990048, 0.16761179239486695)"
南棟病床,04,down,2,halflogistic,"(-7.105427357601002e-14, 253.9835816703603)"
南棟病床,04,down,3,johnsonsu,"(-4.9197727878948605, 0.7420492458579384, -5.826712519141886, 0.48167530524994384)"
南棟病床,05,up,0,halfgennorm,"(0.6583719936680521, -2.244543003165246e-13, 218.16767917422885)"
南棟病床,05,up,1,wald,"(-107.27702090794419, 614.1070051953047)"
南棟病床,05,up,2,halfcauchy,"(-2.3809228956325445e-10, 404.2013454086466)"
南棟病床,05,up,3,gilbrat,"(-33.70551019997761, 168.8473883896917)"
南棟病床,05,down,0,expon,"(0.0, 321.87678767876787)"
南棟病床,05,down,1,gengamma,"(0.0029547971311609886, -5046007.620122349, -4134708.765709564, 4134707.3965626583)"
南棟病床,05,down,2,burr,"(2.7886976794724214, 0.41277727208603593, 0.840355977564901, 407.17079281230605)"
南棟病床,05,down,3,halfgennorm,"(0.6603367159470115, -1.4805807397682598e-14, 174.95507088839517)"
南棟病床,06,up,0,halfgennorm,"(0.5982391096159394, -3.631314478061481e-13, 222.33219642076637)"
南棟病床,06,up,1,halfgennorm,"(0.69540585881318, -1.9787755421112577e-12, 303.21813510606955)"
南棟病床,06,up,2,expon,"(2.0, 747.3734567901234)"
南棟病床,06,up,3,johnsonsb,"(0.6405733660201365, 0.4573667330510765, 0.8817050872190436, 2873.673123642859)"
南棟病床,06,down,0,genhalflogistic,"(3.3161909627477284e-10, -8.550292880887054e-08, 185.79935057145548)"
南棟病床,06,down,1,halflogistic,"(-8.388099967380736e-11, 174.98852798225852)"
南棟病床,06,down,2,genhalflogistic,"(0.02130665433918484, -2.5379638521327947e-08, 171.8280182859039)"
南棟病床,06,down,3,wald,"(-37.39593257491225, 232.3482506878616)"
南棟病床,07,up,0,johnsonsb,"(1.045427804518646, 0.5208484841112557, -1.7053896420361556, 2951.7580565051394)"
南棟病床,07,up,1,gausshyper,"(0.8383877145411411, 2.6344482062002728, 1.7282991208959793, 1.289012758622016, -2.8741241447872178e-28, 3166.255029227358)"
南棟病床,07,up,2,gamma,"(1.0187923671276442, -0.05717684653392984, 782.0912478510736)"
南棟病床,07,up,3,levy,"(-11.368233448579874, 88.75431532643069)"
南棟病床,07,down,0,exponnorm,"(2165.2703041653676, 0.7723394168946554, 0.12290750769490799)"
南棟病床,07,down,1,chi,"(0.6532426859720772, -3.1444134078032345e-27, 340.5450515895344)"
南棟病床,07,down,2,halflogistic,"(-1.4797937384168653e-10, 166.71398063021238)"
南棟病床,07,down,3,wald,"(-40.15118529664214, 255.59959504905683)"
南棟病床,08,up,0,johnsonsb,"(0.8731009537641112, 0.48940475734648925, -1.374598392681225, 3015.743852110167)"
南棟病床,08,up,1,johnsonsb,"(0.9323921967144355, 0.48308262506238553, -1.6332972284808087, 2990.385447388242)"
南棟病床,08,up,2,johnsonsb,"(0.9123998452238913, 0.5849401616396211, 9.40350018988843, 3056.730962750919)"
南棟病床,08,up,3,levy,"(-11.238987686340849, 107.62606234514669)"
南棟病床,08,down,0,halflogistic,"(-9.222369829859956e-11, 168.67161060971176)"
南棟病床,08,down,1,nakagami,"(0.35336212954102164, -1.4947149630801417e-25, 233.7146784166647)"
南棟病床,08,down,2,genhalflogistic,"(0.05770745760562378, -7.403637530977621e-11, 156.95870093108357)"
南棟病床,08,down,3,wald,"(-32.72514933563289, 223.49410638032364)"
南棟病床,09,up,0,johnsonsb,"(0.7893298387855949, 0.47584423542294324, 0.16664436673828148, 2908.689318355313)"
南棟病床,09,up,1,johnsonsb,"(0.9177177198594466, 0.47351663352260476, -0.8783876187556743, 2960.5282742796853)"
南棟病床,09,up,2,f,"(1.7898527188168627, 975.2586191178341, 0.9999999999999866, 849.8253189527132)"
南棟病床,09,up,3,invgamma,"(0.5977366139121517, -14.304761219602568, 56.07690903755213)"
南棟病床,09,down,0,gengamma,"(0.0016805634179989132, -11484827.38909044, -4975156.501434676, 4975155.798898764)"
南棟病床,09,down,1,halflogistic,"(-1.8908408123984405e-09, 160.1248516216229)"
南棟病床,09,down,2,halfnorm,"(-7.039517440109356e-10, 290.91267580703834)"
南棟病床,09,down,3,wald,"(-38.4756821697581, 237.74279139936277)"
南棟病床,10,up,0,betaprime,"(2.6558810421146823, 0.5877265082369121, -0.11177118182007117, 22.76369677269443)"
南棟病床,10,up,1,johnsonsu,"(-1.5278752874638628, 0.364938619208258, 28.313660865299063, 4.808926886090719)"
南棟病床,10,up,2,pareto,"(0.37356652070260415, -0.05584540672395795, 29.055843003340584)"
南棟病床,10,up,3,invgauss,"(2.800555846475654, -7.279566177332626, 91.7116694738555)"
南棟病床,10,down,0,johnsonsb,"(0.49415907950079696, 0.3697716049570977, 0.821742684686344, 2807.165079844335)"
南棟病床,10,down,1,halfgennorm,"(0.3214521394894867, 1.0, 11.750649541994736)"
南棟病床,10,down,2,johnsonsb,"(0.6846876396188811, 0.527325806513141, -4.563229014914889, 2899.3774412788152)"
南棟病床,10,down,3,genhalflogistic,"(1.7909071752600307e-07, 0.9999999978995227, 35.77991824913276)"
南棟病床,11,up,0,johnsonsb,"(0.7456616321657004, 0.449137041975906, 0.8564826750560657, 3002.6868523140492)"
南棟病床,11,up,1,johnsonsb,"(0.7836429609798431, 0.45415468037703505, 1.413795900629967, 2981.8509426641094)"
南棟病床,11,up,2,johnsonsb,"(0.648757698708502, 0.5151502752174832, -4.3812747122554265, 2978.0417393223406)"
南棟病床,11,up,3,genextreme,"(-1.2831476676534095, 114.13258595412785, 169.51066586008804)"
南棟病床,11,down,0,genhalflogistic,"(1.8227470778324283e-06, -0.008315555259805138, 166.90329609102918)"
南棟病床,11,down,1,genhalflogistic,"(2.4545566007088983e-09, -0.11359354624169832, 162.57930633952458)"
南棟病床,11,down,2,burr,"(3.4671681168624815, 0.26864271987647304, -7.995380139193622e-08, 339.6228812018459)"
南棟病床,11,down,3,wald,"(-34.55555514716137, 226.8261651557408)"
南棟病床,12,up,0,johnsonsb,"(0.8508832239725987, 0.5065392927879465, -1.014252750190446, 3007.7851175617247)"
南棟病床,12,up,1,johnsonsb,"(0.798948135393692, 0.4663396347707015, 0.8016017385884755, 2872.084157783751)"
南棟病床,12,up,2,johnsonsb,"(0.7044877471349773, 0.59704537380197, -4.9835121858173075, 3048.85184450541)"
南棟病床,12,up,3,invweibull,"(0.6063620699735915, -7.176339537129936, 115.06764930771735)"
南棟病床,12,down,0,gengamma,"(1.1411673132993028, -2.539626780718197, -256.90807010658136, 416.7915937194425)"
南棟病床,12,down,1,genhalflogistic,"(3.4214859465570722e-06, -7.91541494657426e-06, 154.78360586590458)"
南棟病床,12,down,2,halflogistic,"(-7.892983341571601e-13, 159.94830622290286)"
南棟病床,12,down,3,wald,"(-41.775662075452374, 256.2596697049209)"
南棟病床,13,up,0,johnsonsb,"(0.9752621296337223, 0.4835348985070479, -0.8450528715809034, 3030.3865193896154)"
南棟病床,13,up,1,chi,"(0.5409275454374178, -6.971732082162329e-25, 1309.8000681897556)"
南棟病床,13,up,2,johnsonsb,"(0.5494904656660822, 0.4598717207916143, 13.270896301533341, 2890.8984027868273)"
南棟病床,13,up,3,fatiguelife,"(1.7771693945787064, -13.133261680214169, 319.2207774187435)"
南棟病床,13,down,0,halflogistic,"(0.0, 174.6826950175184)"
南棟病床,13,down,1,chi,"(0.6914976403895816, -2.280527922845862e-26, 353.5058384973453)"
南棟病床,13,down,2,burr,"(4.62254516288398, 373.7185404620835, -381.4834584764639, 140.54990435746615)"
南棟病床,13,down,3,gilbrat,"(-20.620142544599517, 132.1943401558853)"
南棟病床,14,up,0,johnsonsb,"(0.8220331112345505, 0.5443727031042442, -2.5991410419918726, 3064.813175349528)"
南棟病床,14,up,1,beta,"(0.8526156540007819, 5.492226204751995, 1.9999999999999998, 6363.561379508538)"
南棟病床,14,up,2,johnsonsb,"(0.6479707609083214, 0.5911853052002106, 11.197718067889237, 2813.6217788307977)"
南棟病床,14,up,3,fatiguelife,"(2.41805239815103, 26.840989230603668, 258.3541451592406)"
南棟病床,14,down,0,halflogistic,"(0.0, 191.7699503693984)"
南棟病床,14,down,1,chi,"(0.7805146933722231, -2.5782767516937229e-26, 326.79450818096734)"
南棟病床,14,down,2,chi2,"(3.7308652407552625, -2.1493778779201578, 64.1332276176028)"
南棟病床,14,down,3,gamma,"(1.163436886477668, -0.2038161196365283, 277.25564450811925)"
南棟病床,15,down,0,genpareto,"(-0.06467270398986619, 0.9999999999330792, 486.3127085303196)"
南棟病床,15,down,1,invgamma,"(4.366314122627918, -227.61260480070723, 2063.860557390006)"
南棟病床,15,down,2,johnsonsu,"(-6.683848807558693, 1.4725317370925484, -72.85516026230854, 8.58129517982264)"
南棟病床,15,down,3,halfgennorm,"(0.7804426009895788, 0.9999999999999772, 317.79374534554313)"
南棟客梯,B4,up,0,fisk,"(2.728509852565728, -48.586600997912974, 313.5902375851772)"
南棟客梯,B4,up,1,f,"(48.21577117956156, 12.069622613419305, -177.22948633341224, 444.8007325724585)"
南棟客梯,B4,up,2,fisk,"(2.5394911134913305, -41.54046858868833, 324.0203694459725)"
南棟客梯,B4,up,3,chi,"(0.8161368321870286, 0.9999999999999999, 1202.299690083068)"
南棟客梯,B3,up,0,foldcauchy,"(1.4682493099134324, 0.999999999934061, 204.5101044308912)"
南棟客梯,B3,up,1,exponnorm,"(5.071639184284999, 106.7149608549276, 116.1545978975432)"
南棟客梯,B3,up,2,halflogistic,"(1.9999999999201599, 606.4066297149764)"
南棟客梯,B3,up,3,johnsonsb,"(0.423547515967465, 0.34785032735454735, 1.880818204991196, 2648.584546112205)"
南棟客梯,B3,down,0,triang,"(0.10039159061307501, -24.371852065091815, 3380.481400619481)"
南棟客梯,B3,down,1,alpha,"(0.5408853601495545, -360.06628194369114, 1059.484643341053)"
南棟客梯,B3,down,2,wald,"(-150.84445791475775, 1054.0190113747517)"
南棟客梯,B3,down,3,chi2,"(0.8685687753431985, 15.999999999999996, 1.2181567172741925)"
南棟客梯,B1,up,0,nakagami,"(0.6859436434037396, -0.4024987090809589, 181.35387889872)"
南棟客梯,B1,up,1,nakagami,"(0.6044475095408551, -0.09977495764951727, 192.2610255755671)"
南棟客梯,B1,up,2,beta,"(2.3218355701459625, 17.54391362871356, -10.476991301653335, 1461.1314979124822)"
南棟客梯,B1,up,3,loglaplace,"(1.5180293921830752, -0.3826000084469269, 148.38257585826693)"
南棟客梯,B1,down,0,fatiguelife,"(0.6918027948622836, -200.10585102011188, 801.1614519187119)"
南棟客梯,B1,down,1,gengamma,"(0.14322438783572056, -181785.2304384681, -15005044.105498977, 15005076.140954517)"
南棟客梯,B1,down,2,exponnorm,"(7.69705390778914, 84.09840959346494, 82.94705313569185)"
南棟客梯,B1,down,3,johnsonsb,"(0.413245183712079, 0.5883900578639434, 0.012695542310767005, 2872.083706661963)"
南棟客梯,01,up,0,foldnorm,"(1.3054474044674385e-05, -3.5073996476762697e-09, 150.610450242825)"
南棟客梯,01,up,1,gompertz,"(1.7596732611995742, -6.2858125342698e-12, 368.7158402231271)"
南棟客梯,01,up,2,exponweib,"(0.643616244288127, 1.8967984150823871, -0.13613187754568049, 188.2382599384011)"
南棟客梯,01,up,3,nakagami,"(0.7107111391443033, -0.10796624661279347, 114.32260930485774)"
南棟客梯,01,down,0,exponnorm,"(4.817339678502964, 80.52939158666064, 76.41613559816741)"
南棟客梯,01,down,1,invweibull,"(3.837363779797725, -594.3893987913514, 843.8766809044191)"
南棟客梯,01,down,2,invgamma,"(4.032688729970445, -240.53751965518586, 2248.1563577010284)"
南棟客梯,01,down,3,gompertz,"(7.806256587130152, 0.9999999983005479, 6671.474754472763)"
南棟客梯,02,up,0,wald,"(-112.6071568066991, 890.7534266210157)"
南棟客梯,02,up,1,exponnorm,"(4.193704196905608, 150.87295776702257, 140.69306538198714)"
南棟客梯,02,up,2,mielke,"(162.08909847659044, 1.6840869776359435, -265.0691587903218, 42.342627324111206)"
南棟客梯,02,up,3,mielke,"(342924040676.25903, 19580022327.05953, -572032760.5867465, 572032998.5031124)"
南棟客梯,02,down,0,invgauss,"(1.0095228667279645, -125.97465315261579, 1025.7631898932416)"
南棟客梯,02,down,1,gausshyper,"(0.9556331915223383, 1.1520343333590695, 2.0819180125536882, 1.1972545837447222, -2.806056733773978e-28, 3078.0916522804505)"
南棟客梯,02,down,2,johnsonsb,"(0.6182247109288546, 0.6541583003870927, -13.655226720963961, 3062.7099829669314)"
南棟客梯,02,down,3,foldcauchy,"(2.725694874492204, 183.99999990478457, 511.9565783225701)"
南棟客梯,03,up,0,johnsonsu,"(-6.781895804181135, 1.3422674548190248, -109.43933316008383, 7.01430566231215)"
南棟客梯,03,up,1,exponnorm,"(4.058003488754501, 78.4922808797034, 105.55676283623544)"
南棟客梯,03,up,2,fisk,"(2.091588219888513, -67.44513412936178, 483.24096604041324)"
南棟客梯,03,up,3,beta,"(0.9346615876546103, 4.167912523534905, 0.9999999999999999, 4988.75722284871)"
南棟客梯,03,down,0,genextreme,"(-0.24305763063038255, 251.3073541279224, 201.92169210970206)"
南棟客梯,03,down,1,exponnorm,"(2.795672013720517, 102.02166849698158, 95.32880124731062)"
南棟客梯,03,down,2,loglaplace,"(1.579898862291519, -0.8611916746607777, 271.86124643022356)"
南棟客梯,03,down,3,erlang,"(1.2239919368656884, 0.8787628801950715, 280.41207089560044)"
南棟客梯,04,up,0,mielke,"(167.35608080392933, 1.8403093630013174, -226.065781387643, 44.24489239477552)"
南棟客梯,04,up,1,mielke,"(35.15947050878539, 2.718953538476133, -435.0154783061778, 287.82587461251023)"
南棟客梯,04,up,2,exponnorm,"(5.4523751168381835, 90.25318879040692, 102.52074725371752)"
南棟客梯,04,up,3,johnsonsb,"(0.5244689804184204, 0.45696890034904447, -0.8601569070640296, 3001.678168536527)"
南棟客梯,04,down,0,burr,"(3.359242768707481, 40.55181866513275, -487.4932238851429, 257.5233908945314)"
南棟客梯,04,down,1,invweibull,"(4.78228127308994, -637.4365050629495, 863.0151789265792)"
南棟客梯,04,down,2,burr,"(4.46121270563784, 75.80532517673228, -561.0022311589751, 299.0688292212183)"
南棟客梯,04,down,3,halfcauchy,"(1.9999999999825657, 223.73332791944785)"
南棟客梯,05,up,0,beta,"(0.9293339638974873, 3.3350792689845683, 0.9999999999999999, 3870.119341301095)"
南棟客梯,05,up,1,invgauss,"(0.7060161083846475, -153.6156183135422, 1277.4648669009966)"
南棟客梯,05,up,2,fatiguelife,"(0.8400090885758638, -126.1573820509543, 626.114514341047)"
南棟客梯,05,up,3,beta,"(0.8124032608006687, 2.1370046900841935, 1.9999999999999998, 3636.0369518903435)"
南棟客梯,05,down,0,genextreme,"(-0.2668829294731806, 240.18779715555064, 188.37842252431568)"
南棟客梯,05,down,1,invgamma,"(5.362766889163286, -217.720477663121, 2640.5876455094126)"
南棟客梯,05,down,2,johnsonsb,"(5.964836092375277, 1.7441930213625334, -87.78457634519548, 11855.882804038156)"
南棟客梯,05,down,3,alpha,"(2.3333979123032447, -288.11314096060755, 1349.5553883870305)"
南棟客梯,06,up,0,genpareto,"(-0.3405868957236575, 1.9999999999998055, 1236.5357428464667)"
南棟客梯,06,up,1,fatiguelife,"(0.8682175198646686, -90.78926516005666, 690.1330779791961)"
南棟客梯,06,up,2,johnsonsb,"(0.847220370147674, 0.6972888236749011, -6.791346989761536, 3100.9140001849114)"
南棟客梯,06,up,3,johnsonsb,"(0.42298477160497167, 0.4163764201530231, 0.5428097263546472, 2860.0507273531557)"
南棟客梯,06,down,0,gumbel_r,"(185.36415338507985, 141.23308257749915)"
南棟客梯,06,down,1,gumbel_r,"(205.686980486229, 155.23525241248032)"
南棟客梯,06,down,2,gumbel_r,"(181.75262549529015, 131.94507839900956)"
南棟客梯,06,down,3,burr,"(2.545583393066055, 0.5838364565502929, -1.1963010627577328, 311.9273326550458)"
南棟客梯,07,up,0,gengamma,"(0.0018123163422076316, -227827195.41085893, -368307045.3335284, 368307077.5023937)"
南棟客梯,07,up,1,wald,"(-105.08430357770453, 993.5445053335931)"
南棟客梯,07,up,2,beta,"(0.8936800132524418, 2.940898431218975, 1.9999999999999998, 3678.6347983965043)"
南棟客梯,07,up,3,mielke,"(0.45053786800826573, 16.872231782256844, 22.838863825089227, 2530.9989818714635)"
南棟客梯,07,down,0,f,"(50.446829900785474, 14.078536098454723, -161.6578119915369, 390.424621614374)"
南棟客梯,07,down,1,rice,"(0.000277048695986683, -45.78855719387967, 245.41050440315436)"
南棟客梯,07,down,2,chi,"(1.8154185041897128, -31.127122032627625, 222.45159599917133)"
南棟客梯,07,down,3,burr,"(3.228164379336464, 164.92908421161388, -222.02128476766393, 74.04673768316027)"
南棟客梯,08,up,0,chi,"(0.7548183619371016, 0.9999999999999999, 1260.547583705602)"
南棟客梯,08,up,1,gausshyper,"(0.8983813174255331, 3.733899108589005, 1.7155465381237378, -0.715594179953287, 1.9999999999999998, 3698.263828732842)"
南棟客梯,08,up,2,beta,"(0.8591724426700251, 3.2411056703752887, -1.4689603760437591e-27, 4545.895015609556)"
南棟客梯,08,up,3,chi,"(0.5680756122858558, -5.0411693575879544e-27, 2179.5030557073023)"
南棟客梯,08,down,0,johnsonsu,"(-7.844969286948842, 2.0460145096134017, -105.40258838804274, 14.22087104847912)"
南棟客梯,08,down,1,mielke,"(1.1938219692797722, 5.610951466541831, -1.429488660227804, 421.7422291064604)"
南棟客梯,08,down,2,rice,"(0.0005025329506071438, -31.023053505210832, 210.91136366145088)"
南棟客梯,08,down,3,mielke,"(1.2962502370943163, 2.5562614302615154, -0.03229001647208021, 297.33164332867216)"
南棟客梯,09,up,0,nakagami,"(0.4201486247129609, 21.999999999999993, 1281.023711665719)"
南棟客梯,09,up,1,gausshyper,"(0.9121286142085359, 2.4553808069074825, 2.189737063980445, -0.3345008254467985, 2.9999999999999996, 3117.3782321125173)"
南棟客梯,09,up,2,gausshyper,"(0.8663012795891997, 3.8825721028704416, 1.5855072680558093, -0.7431168001208812, 0.9999999999999999, 4016.1373897249346)"
南棟客梯,09,up,3,bradford,"(7.701195236633648, 24.99999986221419, 2892.550363892954)"
南棟客梯,09,down,0,mielke,"(1.3376473794491197, 3.4927266690658696, -1.300675287433528, 364.2842533017059)"
南棟客梯,09,down,1,rayleigh,"(-42.214099051804375, 252.1580432424239)"
南棟客梯,09,down,2,rice,"(0.00028030370923759257, -35.22229674923793, 220.26506827012582)"
南棟客梯,09,down,3,loglaplace,"(1.3521374375810233, -0.6161266824285712, 215.61612847405314)"
南棟客梯,10,up,0,bradford,"(5.171636040846817, 35.99549456786315, 2595.720325589172)"
南棟客梯,10,up,1,bradford,"(3.015565091365928, 25.27839977460819, 2847.721600275877)"
南棟客梯,10,up,2,loglaplace,"(1.3406774614549253, 0.6704039433007557, 878.3296052682474)"
南棟客梯,10,up,3,gennorm,"(0.36857944620570193, 505.99999999106944, 23.064766874679222)"
南棟客梯,10,down,0,burr,"(2.1805566499386613, 19.392754023027347, -291.55713807537705, 143.6779971505228)"
南棟客梯,10,down,1,exponnorm,"(3.3984394325373675, 125.86225638740223, 113.8537576376612)"
南棟客梯,10,down,2,invgamma,"(4.353357309335177, -236.0497359539976, 2325.9283125758548)"
南棟客梯,10,down,3,exponweib,"(1.514238696866075, 0.6235985706344853, 0.9999999999999999, 383.50222297139055)"
南棟客梯,11,up,0,bradford,"(2.6691625372888295, 35.57105422451984, 2768.4289493170177)"
南棟客梯,11,up,1,beta,"(0.830070738702197, 0.8824010266829739, 27.83513651532724, 2971.1648634846733)"
南棟客梯,11,up,2,mielke,"(0.6192960580818777, 13139.390908408612, 25.999999999992205, 2876.2049345398473)"
南棟客梯,11,up,3,arcsine,"(-39.26018088107105, 2890.2601808810714)"
南棟客梯,11,down,0,betaprime,"(39.36790090221696, 6.358761139459774, -150.89539171997612, 56.65746290801172)"
南棟客梯,11,down,1,rayleigh,"(-46.63236884069839, 254.46022185935317)"
南棟客梯,11,down,2,kstwobign,"(-295.5052353914475, 621.0000689201828)"
南棟客梯,11,down,3,loglaplace,"(1.300893849968003, -0.6276475500072788, 219.62759017491416)"
南棟客梯,12,up,0,johnsonsb,"(0.4024346313355488, 0.4258997572914777, 36.28999553169106, 2463.682812252842)"
南棟客梯,12,up,1,bradford,"(12.067877811060118, 0.3202679298347998, 2959.776667078325)"
南棟客梯,12,up,2,mielke,"(0.8338701025066835, 1738.189702682263, 8.999999999984833, 2822.3876930888036)"
南棟客梯,12,up,3,burr,"(160.77472586650077, 0.004692759940850539, -7.822181176618095, 3025.3324095676153)"
南棟客梯,12,down,0,johnsonsb,"(5.397906771095178, 1.5896494528636986, -60.03968549946812, 8924.214619249404)"
南棟客梯,12,down,1,beta,"(2.512415751598219, 11.939574370694004, -36.716050382569605, 1612.861549968854)"
南棟客梯,12,down,2,fatiguelife,"(0.48995654562974655, -92.46129744067163, 284.93815495532687)"
南棟客梯,12,down,3,beta,"(1.311555025682781, 67565671.78676143, -0.4528893827795647, 17057599701.92711)"
南棟客梯,13,up,0,johnsonsb,"(0.19404704995988217, 0.43822182779214713, 33.024413736798124, 2945.364410024471)"
南棟客梯,13,up,1,johnsonsb,"(0.4946400061738935, 0.4472527650437884, 4.51724884908003, 2881.118602515999)"
南棟客梯,13,up,2,mielke,"(0.5669843186671124, 7138.037201805222, 8.99999999822585, 2981.8189376732334)"
南棟客梯,13,up,3,genpareto,"(-1.3721502806389259, -9.587985425407815, 3247.314368358184)"
南棟客梯,13,down,0,invgamma,"(5.356736856848023, -154.99755353231447, 1838.0941325290637)"
南棟客梯,13,down,1,gumbel_r,"(175.75689127465972, 124.09957405934027)"
南棟客梯,13,down,2,genlogistic,"(1006.3060929158869, -633.2946233612736, 114.86839281074278)"
南棟客梯,13,down,3,burr,"(2.3168234408225894, 0.5777477870636778, -1.3556412118031118, 343.1090354049695)"
南棟客梯,14,up,0,levy,"(101.7374037711025, 116.39285004291409)"
南棟客梯,14,up,1,exponnorm,"(3.9892689891546826, 319.07528898089345, 267.34838798487294)"
南棟客梯,14,up,2,nakagami,"(0.39488614865234695, 39.99999999999999, 1843.4023130797073)"
南棟客梯,14,up,3,exponnorm,"(7.392200716437572, 119.49495667103774, 124.3073847144868)"
南棟客梯,14,down,0,beta,"(1.826719254310929, 97581780121.04482, -2.0881747072172585, 14570413161145.059)"
南棟客梯,14,down,1,nakagami,"(0.6441408319170996, 0.5898858579577053, 299.9366953043999)"
南棟客梯,14,down,2,nakagami,"(0.6693703286152193, -0.28793274013639547, 278.64241628373554)"
南棟客梯,14,down,3,f,"(5.413242836346864, 9.171175219396162, -6.975984753719999, 236.63015283735388)"
南棟客梯,15,down,0,invgamma,"(2.7681613076453964, -163.32619037246945, 1437.0052780846213)"
南棟客梯,15,down,1,invweibull,"(3.4616425055679416, -475.1616579871423, 751.7606081923227)"
南棟客梯,15,down,2,johnsonsu,"(-6.521948274365551, 1.4402239303804771, -66.69157430644488, 9.058861855334941)"
南棟客梯,15,down,3,chi,"(0.7576223632945314, 30.999999999999993, 1279.7730225261153)"
研究大樓,B4,up,0,halflogistic,"(-3.4157074754238327e-07, 159.4041900223539)"
研究大樓,B4,up,1,gumbel_r,"(167.8462328082403, 126.73258009774388)"
研究大樓,B4,up,2,genlogistic,"(1186.3683916880536, -694.7317053092761, 120.79286429676137)"
研究大樓,B4,up,3,johnsonsb,"(1.1471577135307385, 0.6358905616785151, -6.447957291509607, 3169.6207334203223)"
研究大樓,B3,up,0,beta,"(1.3939415564601838, 2386864.2366301008, -1.1310644302367996, 530786182.6844702)"
研究大樓,B3,up,1,mielke,"(233.4983667368557, 2.9837875994562486, -439.65106028564173, 169.7215403276881)"
研究大樓,B3,up,2,invgamma,"(3.643643458815184, -239.4780411425284, 2314.8661531175576)"
研究大樓,B3,up,3,johnsonsb,"(0.48737119853019994, 0.6687891720319581, -24.137965619959576, 3080.781329285068)"
研究大樓,B3,down,0,johnsonsb,"(0.16566283650065816, 0.34711996001608453, 21.672908409465613, 2882.2198067846143)"
研究大樓,B3,down,1,nakagami,"(0.3423606660925178, 15.999999999999998, 1483.8999334167293)"
研究大樓,B3,down,2,burr,"(73.37563602311764, 0.009811089334364368, -10.109883073789188, 1524.2233067077755)"
研究大樓,B3,down,3,lomax,"(582.3459551348842, 2417.699253785695, 4490.396964252963)"
研究大樓,B1,up,0,exponnorm,"(3.7740732952630687, 47.59523937919278, 32.533089418870176)"
研究大樓,B1,up,1,ncx2,"(0.04619681455062015, 8.775951982990009, -6.353596971895969e-10, 18.769822526347607)"
研究大樓,B1,up,2,nakagami,"(0.5854147430597272, -0.0653904929951048, 233.24806932943227)"
研究大樓,B1,up,3,gompertz,"(1344788210345.7065, -4.415353059019413e-12, 385082957962445.9)"
研究大樓,B1,down,0,betaprime,"(1.1735471054326096, 11.65257528346113, 0.5449718231547629, 6070.867870326625)"
研究大樓,B1,down,1,exponnorm,"(6.009988909797592, 108.91006093204439, 91.60878924345504)"
研究大樓,B1,down,2,fatiguelife,"(0.895753337118516, -77.36898294839497, 604.3359727622073)"
研究大樓,B1,down,3,triang,"(0.03389074329406641, -13.750806464034568, 3238.3711832969825)"
研究大樓,01,up,0,kstwobign,"(-160.1830982029993, 346.6052780478184)"
研究大樓,01,up,1,beta,"(9.211517958436792, 78049764703046.25, -154.17489343367822, 2761116632805083.0)"
研究大樓,01,up,2,genlogistic,"(813.2163023535447, -593.4425386573616, 110.16244597296091)"
研究大樓,01,up,3,exponweib,"(1.6617574990241715, 0.7500694983249274, 0.5033878408103081, 279.0678117373567)"
研究大樓,01,down,0,burr,"(2.422935088308539, 23.85485383712875, -263.0799908308105, 141.69541997557297)"
研究大樓,01,down,1,genextreme,"(-0.35001103546901713, 257.48910800063203, 233.1194284907675)"
研究大樓,01,down,2,invweibull,"(2.549701252610148, -339.21231143192983, 599.7423833861634)"
研究大樓,01,down,3,johnsonsb,"(0.5834161105419577, 0.6175380499169658, -6.061759771090206, 3061.399293851091)"
研究大樓,02,up,0,burr,"(3.0440853681760487, 64.80782321135898, -331.29176578553637, 133.97911137660174)"
研究大樓,02,up,1,t,"(2.08122306104515, 243.12080226898718, 123.18928825615097)"
研究大樓,02,up,2,t,"(1.8570388209774336, 256.05774928423017, 130.28936375894958)"
研究大樓,02,up,3,bradford,"(17.618499664669528, 1.9999986348129462, 2995.0065921106943)"
研究大樓,02,down,0,fisk,"(1.8927773461978532, -37.22396134220389, 499.4691533475607)"
研究大樓,02,down,1,exponnorm,"(6.010647347798884, 71.55509779933561, 76.4163765853867)"
研究大樓,02,down,2,fisk,"(1.9331706639214374, -41.080165304187084, 491.05094305269034)"
研究大樓,02,down,3,alpha,"(0.00046845804934680685, -122.8134241850683, 522.8574146414055)"
研究大樓,03,up,0,burr,"(2.36629559603084, 147.78657487634132, -371.07010805111145, 79.93870778112651)"
研究大樓,03,up,1,genextreme,"(-0.3629188984888435, 243.18712041154748, 246.12213794858866)"
研究大樓,03,up,2,foldcauchy,"(1.4591545111383546, 0.9999999518388103, 177.70968367972011)"
研究大樓,03,up,3,mielke,"(0.7242416107203946, 5.822201915367579, 2.4213653059246134, 2319.2425021721892)"
研究大樓,03,down,0,invgamma,"(2.4356307709822422, -134.30155206733764, 1061.13252662924)"
研究大樓,03,down,1,burr,"(2.5512262911518344, 27.765149975337337, -356.99058461932907, 167.54974939281755)"
研究大樓,03,down,2,burr,"(2.4511265133796254, 23.618865528552735, -282.06461230434866, 149.10849754349007)"
研究大樓,03,down,3,exponpow,"(0.8055307664779365, 21.999999999999993, 1976.8264767684996)"
研究大樓,04,up,0,invgamma,"(2.7481348772255143, -209.05009501211782, 1439.8568329435452)"
研究大樓,04,up,1,burr,"(3.619652134727004, 47.547192426775354, -624.2184483321831, 307.644140636203)"
研究大樓,04,up,2,genextreme,"(-0.37702551676043483, 220.98907497120288, 193.99988830628706)"
研究大樓,04,up,3,johnsonsb,"(0.951944657382287, 0.644656891823975, -6.019191678967479, 3149.8458270084957)"
研究大樓,04,down,0,invgauss,"(0.9796642860523199, -79.11806016932921, 795.7659853016432)"
研究大樓,04,down,1,fatiguelife,"(0.7424632177287016, -145.9892259455167, 677.0568215634769)"
研究大樓,04,down,2,invgauss,"(0.633316849317979, -106.3118874234185, 1105.0496248522747)"
研究大樓,04,down,3,johnsonsb,"(0.8600937337482273, 0.6558426631160833, -7.394086788218138, 3148.829225547445)"
研究大樓,05,up,0,invgauss,"(0.850297512646176, -127.75305149379138, 1006.349259388988)"
研究大樓,05,up,1,burr,"(2.4934598877517633, 27.583004160702313, -356.5187607920923, 164.7052931165209)"
研究大樓,05,up,2,invweibull,"(2.569874554056332, -403.26093301948583, 705.2250044190431)"
研究大樓,05,up,3,gausshyper,"(0.8890812876073528, 0.795958405451818, 2.4605299789333563, 1.2752539490439325, 0.9999999999999999, 3031.6847790965103)"
研究大樓,05,down,0,betaprime,"(1.214719216173441, 11.184672849269692, -0.4097093492224576, 5625.446721154511)"
研究大樓,05,down,1,johnsonsb,"(1.7162139148281128, 0.960470008563696, -34.843300428342374, 3027.2274041249766)"
研究大樓,05,down,2,pearson3,"(1.8082500788909766, 491.29793354613633, 444.80859114520587)"
研究大樓,05,down,3,halflogistic,"(15.999999999977275, 645.75215251019)"
研究大樓,06,up,0,johnsonsb,"(1.2920102225334755, 0.693715985686468, -5.59442071726039, 3289.0398598731854)"
研究大樓,06,up,1,wald,"(-109.63409465241183, 1091.7782000613308)"
研究大樓,06,up,2,wald,"(-100.02830406064021, 817.3716607668711)"
研究大樓,06,up,3,chi,"(0.6559932791441585, 13.999999999999998, 1639.0976730311536)"
研究大樓,06,down,0,genlogistic,"(1523.9197515292717, -1000.1328826731667, 163.8987064325471)"
研究大樓,06,down,1,ncx2,"(7.59784845396349, 0.0026587128684030653, -13.066986988247429, 34.30893308687418)"
研究大樓,06,down,2,foldcauchy,"(1.8173317389757604, 0.9999999774439454, 104.90446634115673)"
研究大樓,06,down,3,betaprime,"(1.4266988588232348, 7.647780466714838, -10.924755200700034, 3141.5028561223426)"
研究大樓,07,up,0,chi2,"(2.254646901854386, 1.2736609303889672, 315.8534115126314)"
研究大樓,07,up,1,chi2,"(2.6989917010485236, 15.506649849300164, 314.4357433822152)"
研究大樓,07,up,2,fatiguelife,"(0.8587046534160117, -91.69921225348997, 625.0771255164602)"
研究大樓,07,up,3,halfgennorm,"(0.244944542676166, -1.9737657213716498e-15, 1.4854348669578648)"
研究大樓,07,down,0,burr,"(2.4264401307994095, 23.32066388123834, -273.7665081254989, 139.93505075923133)"
研究大樓,07,down,1,genlogistic,"(1397.062455583954, -1069.8806638112128, 176.2582527502318)"
研究大樓,07,down,2,genlogistic,"(1394.161765363932, -917.6185274466472, 150.73133316193494)"
研究大樓,07,down,3,f,"(1.7520429767743881, 107.29957973321271, 1.9999999914289983, 690.8548705358983)"
研究大樓,08,up,0,erlang,"(0.7438406606016312, 15.999999999999998, 1221.3216942768781)"
研究大樓,08,up,1,johnsonsb,"(0.6671684478132172, 0.5232684046611347, 4.899764924271404, 2832.695809517917)"
研究大樓,08,up,2,johnsonsb,"(0.41683025300035637, 0.5000561687437391, -2.9463598599672407, 3021.96090040751)"
研究大樓,08,up,3,foldcauchy,"(7.878179815650697, 103.99999855900091, 163.75471019402926)"
研究大樓,08,down,0,genextreme,"(-0.38062396115061486, 192.01744991248586, 166.0809399353972)"
研究大樓,08,down,1,gumbel_r,"(192.4523656349346, 161.49244991047186)"
研究大樓,08,down,2,genlogistic,"(1230.6738142355007, -876.8133276550668, 148.01024418867704)"
研究大樓,08,down,3,johnsonsb,"(1.6642703777084942, 0.7546369468373295, -1.790702249807898, 3561.9579418475396)"
研究大樓,09,up,0,exponnorm,"(13.20224696189941, 112.1810691365989, 74.79148072631216)"
研究大樓,09,up,1,halfgennorm,"(0.49321486583481156, -8.665450771316288e-19, 146.7048302573197)"
研究大樓,09,up,2,gausshyper,"(1.0556603956430473, 0.8931398616207724, 1.0895949162915555, 0.9204125813362503, 48.22868642637295, 2843.7713135736276)"
研究大樓,09,up,3,burr,"(1.0070786150389237, 4.296317841244644, -0.25460658305236294, 105.52194874828024)"
研究大樓,09,down,0,invweibull,"(2.6700204811562207, -271.1815375496692, 478.8266887230202)"
研究大樓,09,down,1,burr,"(3.2046925810245472, 12.089124191203323, -299.3691350246678, 227.8881479784862)"
研究大樓,09,down,2,genhalflogistic,"(0.00033340605871753416, -4.6949799214028034e-07, 213.68038002342496)"
研究大樓,09,down,3,johnsonsb,"(1.2285653740336362, 0.6681375275483911, -3.2371508952502, 3249.3903613414413)"
研究大樓,10,up,0,f,"(3.6289581112089326, 7.86841109199408, -1.3567959299594943, 411.04649872813684)"
研究大樓,10,up,1,johnsonsb,"(0.8288296073191126, 0.5635785355101879, -0.8146903119306742, 3021.193261429733)"
研究大樓,10,up,2,johnsonsb,"(0.2077513448246199, 0.5010159202109461, 23.0252703519089, 2820.2437409313798)"
研究大樓,10,up,3,mielke,"(52.35828718043079, 0.6617468827901989, -0.25708834639254186, 0.22890616462234908)"
研究大樓,10,down,0,johnsonsb,"(0.7562441509027565, 0.5860271777380627, -1.75120560954992, 3101.970813830833)"
研究大樓,10,down,1,invgauss,"(0.8889541586510972, -102.36027682782156, 871.0439737166789)"
研究大樓,10,down,2,invweibull,"(2.180457627742048, -323.4507140608683, 609.3869044341519)"
研究大樓,10,down,3,fatiguelife,"(1.4229577756057696, -12.291009659849092, 292.2177699957754)"
研究大樓,11,up,0,invgamma,"(0.9920388515979535, -51.80646977364917, 228.54274803870018)"
研究大樓,11,up,1,burr,"(118.61166896080408, 0.00476007658843436, -5.889938417467257, 2979.740745242927)"
研究大樓,11,up,2,triang,"(0.25858955029831715, -178.2366566643687, 3365.3202755503335)"
研究大樓,11,up,3,norm,"(0.0, 1.0)"
研究大樓,11,down,0,genextreme,"(-0.38683498480492584, 194.73649520246732, 172.25697970353397)"
研究大樓,11,down,1,invweibull,"(3.6210945928660623, -397.36628045210034, 600.2198121036788)"
研究大樓,11,down,2,foldcauchy,"(1.4007066679890627, 0.9999999997723528, 129.57369633771935)"
研究大樓,11,down,3,johnsonsb,"(1.0279771034398781, 0.6872091924982533, -6.914324951464547, 3049.3773230227443)"
研究大樓,12,up,0,pareto,"(0.4134047460507714, -0.06988147640429188, 43.0698804433105)"
研究大樓,12,up,1,pareto,"(0.33825892998502716, 0.029240867018171225, 30.97075778734743)"
研究大樓,12,up,2,burr,"(156.36558881799397, 0.00491921770740472, -9.439243437486851, 2993.7065661063334)"
研究大樓,12,up,3,mielke,"(17077104.258189715, 6104480.774493331, -151934.24783473034, 152775.220138119)"
研究大樓,12,down,0,burr,"(2.4842725085587087, 266.6967733951454, -269.84924517766717, 52.12394907146634)"
研究大樓,12,down,1,genextreme,"(-0.29031352409182876, 190.32980281014414, 163.69028735725394)"
研究大樓,12,down,2,foldcauchy,"(1.3527967832948526, 0.9999999999334541, 143.4750899427978)"
研究大樓,12,down,3,gamma,"(0.933785585094784, 1.9999999999999998, 733.6171619121776)"
研究大樓,13,up,0,bradford,"(2.1541111750511632, 2.774873446094823, 2675.225506000292)"
研究大樓,13,up,1,johnsonsb,"(0.23078700168317834, 0.41989235498942445, -1.4122813357310888, 2872.3074765760975)"
研究大樓,13,up,2,nakagami,"(0.4157924098087999, 106.99999999999999, 1244.044883605688)"
研究大樓,13,up,3,ncx2,"(0.0508569328929992, 1.572020268999853, 1040.9999999999998, 2.390176339524931)"
研究大樓,13,down,0,genextreme,"(-0.43158283281249454, 223.3265533916645, 214.8687558227906)"
研究大樓,13,down,1,mielke,"(226.85224224388975, 3.30622972454126, -336.39331730160507, 145.67215644666794)"
研究大樓,13,down,2,mielke,"(1.6921651624273122, 2.5686834748858454, -10.76878212757579, 337.474058108433)"
研究大樓,13,down,3,expon,"(1.0, 798.3486842105264)"
研究大樓,14,up,0,beta,"(0.6839878491767148, 0.642085345928789, -11.800067586668188, 2897.800067586669)"
研究大樓,14,up,1,levy,"(-13.269812926742661, 137.3975265171142)"
研究大樓,14,up,2,johnsonsb,"(0.27354510359681805, 0.28843573746306106, 77.99328044287087, 2907.0511633004407)"
研究大樓,14,up,3,genpareto,"(-1.7377491891255996, -8.904505963201677, 4571.85217190444)"
研究大樓,14,down,0,burr,"(2.2480842677230024, 0.6196586742759533, -2.9114108883463015, 339.71162955453974)"
研究大樓,14,down,1,genlogistic,"(1599.8183829415461, -943.4411744955778, 152.1161445893302)"
研究大樓,14,down,2,loglaplace,"(1.5205183549764598, -0.6508731464275941, 229.65086956191436)"
研究大樓,14,down,3,lomax,"(37.08465688862535, 12.158579967995756, 32414.54644700697)"
研究大樓,15,down,0,mielke,"(169.14182236835342, 2.113701195562955, -167.81363923663844, 47.9959003662737)"
研究大樓,15,down,1,genextreme,"(-0.31723442719165573, 208.16147776018113, 176.30555713875557)"
研究大樓,15,down,2,mielke,"(1.6687549089931881, 2.3216421966293823, -1.1756714413542246, 320.1206273094257)"
研究大樓,15,down,3,johnsonsb,"(1.0220321309102878, 0.6295512877032697, -0.5566563944540605, 3169.4098534868126)"
