action,direction,floor,name,riderNumAfter,time
0,,1,a0,,0.0
0,,1,a1,,0.0
0,,1,a2,,0.0
1,1.0,2,a1,,24.273677566883677
1,1.0,3,a1,,34.27367756688368
1,1.0,4,a1,,53.04047502689029
1,1.0,2,a2,,60.623297666843925
1,1.0,5,a1,,63.04047502689029
1,-1.0,B1,a0,,70.74736755105502
2,-1.0,B1,a0,0.0,70.74736755105502
2,1.0,B1,a0,1.0,72.74736755105502
1,1.0,6,a1,,73.04047502689029
1,1.0,3,a2,,76.12499882316051
1,1.0,1,a0,,82.74736755105502
1,1.0,7,a1,,83.04047502689029
2,1.0,7,a1,1.0,84.04047502689029
2,1.0,1,a0,1.0,85.74736755105502
1,1.0,4,a2,,86.12499882316051
1,1.0,8,a1,,94.04047502689029
1,1.0,2,a0,,95.74736755105502
2,1.0,8,a1,1.0,96.04047502689029
1,1.0,5,a2,,96.12499882316051
1,1.0,3,a0,,105.74736755105502
1,1.0,9,a1,,106.04047502689029
1,1.0,6,a2,,106.12499882316051
1,1.0,4,a0,,115.74736755105502
1,1.0,10,a1,,116.04047502689029
1,1.0,7,a2,,116.12499882316051
2,1.0,10,a1,0.0,117.04047502689029
1,1.0,5,a0,,125.74736755105502
2,1.0,5,a0,0.0,126.74736755105502
0,,5,a0,,126.74736755105502
1,-1.0,9,a1,,127.04047502689029
1,1.0,8,a2,,127.04047502689029
1,-1.0,8,a1,,137.0404750268903
1,1.0,9,a2,,137.0404750268903
1,-1.0,7,a1,,147.0404750268903
1,1.0,10,a2,,147.0404750268903
2,1.0,10,a2,1.0,148.0404750268903
2,-1.0,7,a1,1.0,149.0404750268903
1,1.0,11,a2,,158.0404750268903
1,-1.0,6,a1,,159.0404750268903
2,1.0,11,a2,1.0,160.0404750268903
1,-1.0,5,a1,,169.0404750268903
1,1.0,12,a2,,170.0404750268903
2,-1.0,5,a1,0.0,170.0404750268903
2,1.0,12,a2,0.0,171.0404750268903
2,1.0,5,a1,1.0,172.0404750268903
2,-1.0,5,a0,1.0,172.0404750268903
1,1.0,13,a2,,181.0404750268903
2,1.0,13,a2,0.0,181.0404750268903
1,1.0,6,a1,,182.0404750268903
1,-1.0,4,a0,,182.0404750268903
2,-1.0,13,a2,2.0,184.0404750268903
1,1.0,7,a1,,192.0404750268903
1,-1.0,3,a0,,192.0404750268903
1,-1.0,12,a2,,194.0404750268903
2,1.0,7,a1,1.0,194.0404750268903
2,-1.0,12,a2,1.0,197.0404750268903
1,-1.0,2,a0,,202.0404750268903
1,1.0,8,a1,,204.0404750268903
1,-1.0,11,a2,,207.0404750268903
1,-1.0,1,a0,,212.0404750268903
1,1.0,9,a1,,214.0404750268903
2,-1.0,1,a0,1.0,215.0404750268903
2,1.0,9,a1,0.0,215.0404750268903
1,-1.0,10,a2,,217.0404750268903
2,-1.0,10,a2,0.0,218.0404750268903
0,,10,a2,,218.0404750268903
1,-1.0,B1,a0,,225.0404750268903
1,1.0,10,a1,,225.0404750268903
2,1.0,10,a1,0.0,225.0404750268903
2,-1.0,B1,a0,0.0,226.0404750268903
2,-1.0,10,a1,1.0,227.0404750268903
1,1.0,1,a0,,236.0404750268903
1,1.0,11,a2,,236.71619806506789
1,-1.0,9,a1,,237.0404750268903
2,-1.0,9,a1,1.0,239.0404750268903
1,1.0,2,a0,,246.0404750268903
1,1.0,12,a2,,246.71619806506789
2,1.0,12,a2,0.0,246.71619806506789
2,-1.0,12,a2,1.0,247.71619806506789
1,-1.0,8,a1,,249.0404750268903
1,1.0,3,a0,,256.0404750268903
1,-1.0,11,a2,,257.7161980650679
1,-1.0,7,a1,,259.0404750268903
1,1.0,4,a0,,266.0404750268903
1,-1.0,10,a2,,267.7161980650679
2,1.0,4,a0,1.0,268.0404750268903
2,-1.0,10,a2,0.0,268.7161980650679
0,,10,a2,,268.7161980650679
2,-1.0,10,a2,0.0,268.7161980650679
0,,10,a2,,268.7161980650679
1,-1.0,6,a1,,269.0404750268903
1,1.0,5,a0,,278.0404750268903
1,-1.0,5,a1,,279.0404750268903
2,1.0,5,a0,0.0,279.0404750268903
2,-1.0,5,a1,0.0,280.0404750268903
0,,5,a1,,280.0404750268903
2,-1.0,5,a0,1.0,282.0404750268903
1,-1.0,4,a0,,292.0404750268903
2,-1.0,4,a0,1.0,294.0404750268903
1,1.0,6,a1,,302.785265508827
2,1.0,6,a1,0.0,302.785265508827
2,-1.0,6,a1,1.0,303.785265508827
1,-1.0,3,a0,,304.0404750268903
2,-1.0,3,a0,0.0,305.0404750268903
1,-1.0,5,a1,,313.785265508827
2,-1.0,5,a1,0.0,314.785265508827
0,,5,a1,,314.785265508827
2,-1.0,5,a1,0.0,314.785265508827
0,,5,a1,,314.785265508827
1,-1.0,2,a0,,315.0404750268903
1,-1.0,1,a0,,325.0404750268903
2,-1.0,1,a0,0.0,325.0404750268903
1,1.0,6,a1,,328.3865039910745
2,1.0,6,a1,0.0,328.3865039910745
2,-1.0,6,a1,1.0,330.3865039910745
1,-1.0,B1,a0,,335.0404750268903
1,-1.0,5,a1,,340.3865039910745
2,-1.0,5,a1,0.0,341.3865039910745
0,,5,a1,,341.3865039910745
2,-1.0,5,a1,0.0,341.3865039910745
0,,5,a1,,341.3865039910745
1,1.0,11,a2,,349.37639931074625
1,-1.0,B2,a0,,351.7652730416495
1,1.0,12,a2,,359.37639931074625
1,-1.0,B3,a0,,361.7652730416495
2,-1.0,B3,a0,1.0,363.7652730416495
1,1.0,13,a2,,370.7257020861333
1,1.0,6,a1,,371.4133465786569
2,1.0,6,a1,0.0,371.4133465786569
2,-1.0,6,a1,1.0,372.4133465786569
1,-1.0,B4,a0,,373.7652730416495
2,1.0,B4,a0,1.0,375.7652730416495
1,1.0,14,a2,,380.7257020861333
2,1.0,14,a2,0.0,380.7257020861333
2,-1.0,14,a2,1.0,381.7257020861333
1,-1.0,5,a1,,382.4133465786569
2,-1.0,5,a1,0.0,383.4133465786569
0,,5,a1,,383.4133465786569
1,1.0,B3,a0,,385.7652730416495
1,-1.0,13,a2,,391.7257020861333
2,-1.0,13,a2,1.0,393.7257020861333
1,1.0,B2,a0,,395.7652730416495
1,-1.0,12,a2,,403.7257020861333
1,1.0,B1,a0,,405.7652730416495
2,1.0,B1,a0,3.0,412.7652730416495
1,-1.0,11,a2,,413.7257020861333
2,-1.0,11,a2,1.0,415.7257020861333
2,-1.0,5,a1,0.0,416.23157099449884
0,,5,a1,,416.23157099449884
1,1.0,1,a0,,422.7652730416495
1,-1.0,10,a2,,425.7257020861333
2,-1.0,10,a2,0.0,426.7257020861333
2,1.0,1,a0,1.0,427.7652730416495
1,1.0,11,a2,,436.7257020861333
1,1.0,6,a1,,436.7257020861333
1,1.0,2,a0,,437.7652730416495
1,1.0,12,a2,,446.7257020861333
1,1.0,7,a1,,446.7257020861333
2,1.0,12,a2,0.0,446.7257020861333
2,-1.0,12,a2,1.0,447.7257020861333
1,1.0,3,a0,,447.7652730416495
2,1.0,3,a0,0.0,448.7652730416495
1,1.0,8,a1,,456.7257020861333
1,-1.0,11,a2,,457.7257020861333
1,1.0,4,a0,,458.7652730416495
2,1.0,4,a0,0.0,458.7652730416495
1,1.0,9,a1,,466.7257020861333
1,-1.0,10,a2,,467.7257020861333
2,-1.0,10,a2,0.0,468.7257020861333
1,1.0,5,a0,,468.7652730416495
2,1.0,5,a0,0.0,468.7652730416495
1,1.0,10,a1,,476.7257020861333
2,1.0,10,a1,0.0,476.7257020861333
2,-1.0,5,a0,5.0,476.7652730416495
1,1.0,11,a2,,480.94218632288886
2,-1.0,10,a1,3.0,481.7257020861333
1,-1.0,4,a0,,486.7652730416495
1,1.0,12,a2,,490.94218632288886
1,-1.0,9,a1,,491.7257020861333
2,-1.0,4,a0,0.0,491.7652730416495
1,1.0,13,a2,,500.94218632288886
1,-1.0,8,a1,,501.7257020861333
1,-1.0,3,a0,,501.7652730416495
2,-1.0,8,a1,0.0,504.7257020861333
1,1.0,14,a2,,510.94218632288886
2,1.0,14,a2,0.0,510.94218632288886
1,-1.0,2,a0,,511.7652730416495
2,-1.0,14,a2,1.0,511.94218632288886
2,-1.0,2,a0,1.0,512.7652730416495
1,-1.0,7,a1,,514.7257020861333
1,-1.0,13,a2,,521.9421863228888
1,-1.0,1,a0,,522.7652730416495
1,-1.0,6,a1,,524.7257020861333
2,-1.0,13,a2,2.0,525.9421863228888
2,-1.0,6,a1,1.0,526.7257020861333
1,-1.0,B1,a0,,532.7652730416495
2,-1.0,B1,a0,0.0,533.7652730416495
1,-1.0,12,a2,,535.9421863228888
1,-1.0,5,a1,,536.7257020861333
2,-1.0,5,a1,0.0,537.7257020861333
1,-1.0,B2,a0,,543.7652730416495
1,-1.0,11,a2,,545.9421863228888
1,1.0,6,a1,,547.7257020861333
2,1.0,6,a1,1.0,549.7257020861333
1,-1.0,B3,a0,,553.7652730416495
1,-1.0,10,a2,,555.9421863228888
2,-1.0,10,a2,0.0,557.9421863228888
1,1.0,7,a1,,559.7257020861333
1,-1.0,B4,a0,,563.7652730416495
2,1.0,B4,a0,1.0,564.7652730416495
1,1.0,11,a2,,567.9421863228888
2,1.0,11,a2,1.0,568.9421863228888
1,1.0,8,a1,,569.7257020861333
1,1.0,B3,a0,,574.7652730416495
2,1.0,B3,a0,1.0,576.7652730416495
1,1.0,12,a2,,578.9421863228888
1,1.0,9,a1,,579.7257020861333
1,1.0,B2,a0,,586.7652730416495
1,1.0,13,a2,,588.9421863228888
1,1.0,10,a1,,589.7257020861333
2,1.0,13,a2,0.0,589.9421863228888
2,1.0,10,a1,0.0,590.7257020861333
1,1.0,B1,a0,,596.7652730416495
2,1.0,B1,a0,1.0,599.7652730416495
1,-1.0,12,a2,,599.9421863228888
1,-1.0,9,a1,,600.7257020861333
2,-1.0,9,a1,1.0,601.7257020861333
1,-1.0,11,a2,,609.9421863228888
2,1.0,B1,a0,1.0,611.2331055684238
2,-1.0,9,a1,1.0,611.8628090675242
2,-1.0,11,a2,1.0,611.9421863228888
1,1.0,1,a0,,621.2331055684238
1,-1.0,8,a1,,621.8628090675242
1,-1.0,10,a2,,621.9421863228888
2,-1.0,10,a2,0.0,622.9421863228888
0,,10,a2,,622.9421863228888
2,-1.0,10,a2,0.0,622.9421863228888
0,,10,a2,,622.9421863228888
2,1.0,1,a0,1.0,624.2331055684238
1,-1.0,7,a1,,631.8628090675242
1,1.0,2,a0,,634.2331055684238
1,-1.0,6,a1,,641.8628090675242
1,1.0,3,a0,,644.2331055684238
1,-1.0,5,a1,,651.8628090675242
2,-1.0,5,a1,0.0,652.8628090675242
1,1.0,4,a0,,659.0764902358202
2,1.0,4,a0,1.0,661.0764902358202
1,1.0,6,a1,,662.8628090675242
1,1.0,5,a0,,671.0764902358202
2,1.0,5,a0,0.0,672.0764902358202
1,1.0,7,a1,,672.8628090675242
1,-1.0,4,a0,,682.0764902358202
1,1.0,8,a1,,682.8628090675242
2,1.0,8,a1,2.0,685.8628090675242
1,-1.0,3,a0,,692.0764902358202
1,1.0,9,a1,,695.8628090675242
2,-1.0,3,a0,1.0,697.9741293668999
1,1.0,10,a1,,705.8628090675242
2,1.0,10,a1,0.0,707.8628090675242
1,-1.0,2,a0,,707.9741293668999
1,1.0,11,a2,,712.3929576006683
1,-1.0,9,a1,,717.8628090675242
1,-1.0,1,a0,,717.9741293668999
1,1.0,12,a2,,722.3929576006683
1,-1.0,8,a1,,727.8628090675242
1,-1.0,B1,a0,,727.9741293668999
2,-1.0,B1,a0,1.0,729.9741293668999
1,1.0,13,a2,,732.3929576006683
1,-1.0,7,a1,,737.8628090675242
1,-1.0,B2,a0,,739.9741293668999
1,1.0,14,a2,,742.3929576006683
2,1.0,14,a2,0.0,742.3929576006683
2,-1.0,14,a2,1.0,744.3929576006683
1,-1.0,6,a1,,747.8628090675242
2,-1.0,14,a2,1.0,749.3238951973434
1,-1.0,B3,a0,,749.9741293668999
2,-1.0,B3,a0,0.0,750.9741293668999
1,-1.0,5,a1,,757.8628090675242
2,-1.0,5,a1,0.0,757.8628090675242
1,-1.0,13,a2,,759.3238951973434
1,-1.0,B4,a0,,760.9741293668999
2,-1.0,13,a2,1.0,762.3238951973434
1,1.0,6,a1,,767.8628090675242
1,1.0,B3,a0,,770.9741293668999
1,-1.0,12,a2,,772.3238951973434
2,1.0,B3,a0,1.0,772.9741293668999
1,1.0,7,a1,,777.8628090675242
1,-1.0,11,a2,,782.3238951973434
1,1.0,B2,a0,,782.9741293668999
1,1.0,8,a1,,787.8628090675242
1,-1.0,10,a2,,792.3238951973434
1,1.0,B1,a0,,792.9741293668999
2,-1.0,10,a2,0.0,793.3238951973434
0,,10,a2,,793.3238951973434
1,1.0,9,a1,,797.8628090675242
2,1.0,B1,a0,3.0,797.9741293668999
1,1.0,10,a1,,807.8628090675242
2,1.0,10,a1,0.0,807.8628090675242
1,1.0,1,a0,,807.9741293668999
2,1.0,1,a0,2.0,812.9741293668999
2,-1.0,10,a1,5.0,815.8628090675242
1,1.0,2,a0,,822.9741293668999
1,-1.0,9,a1,,825.8628090675242
2,-1.0,9,a1,0.0,830.8628090675242
1,1.0,3,a0,,832.9741293668999
1,-1.0,8,a1,,840.8628090675242
2,-1.0,8,a1,1.0,841.8628090675242
1,1.0,4,a0,,842.9741293668999
2,1.0,4,a0,0.0,844.9741293668999
1,-1.0,7,a1,,851.8628090675242
2,-1.0,7,a1,1.0,853.8628090675242
1,1.0,5,a0,,854.9741293668999
2,1.0,5,a0,0.0,854.9741293668999
1,-1.0,6,a1,,863.8628090675242
1,-1.0,4,a0,,864.9741293668999
1,-1.0,5,a1,,873.8628090675242
2,-1.0,5,a1,0.0,874.8628090675242
1,-1.0,3,a0,,874.9741293668999
2,-1.0,3,a0,2.0,877.9741293668999
1,1.0,6,a1,,884.8628090675242
2,1.0,6,a1,1.0,886.8628090675242
1,-1.0,2,a0,,887.9741293668999
2,-1.0,2,a0,0.0,889.9741293668999
1,1.0,7,a1,,896.8628090675242
1,-1.0,1,a0,,899.9741293668999
2,-1.0,1,a0,1.0,901.9741293668999
1,1.0,8,a1,,906.8628090675242
1,-1.0,B1,a0,,911.9741293668999
1,1.0,9,a1,,916.8628090675242
2,1.0,9,a1,0.0,917.8628090675242
1,-1.0,B2,a0,,921.9741293668999
1,-1.0,8,a1,,927.8628090675242
1,-1.0,B3,a0,,931.9741293668999
1,-1.0,7,a1,,937.8628090675242
1,-1.0,B4,a0,,941.9741293668999
1,-1.0,6,a1,,947.8628090675242
1,1.0,B3,a0,,952.9741293668999
1,1.0,11,a2,,956.2817115614228
2,1.0,11,a2,0.0,956.2817115614228
2,-1.0,11,a2,1.0,957.2817115614228
1,-1.0,5,a1,,957.8628090675242
2,-1.0,5,a1,0.0,957.8628090675242
1,1.0,B2,a0,,962.9741293668999
1,-1.0,10,a2,,967.2817115614228
1,1.0,6,a1,,967.8628090675242
2,-1.0,10,a2,0.0,968.2817115614228
0,,10,a2,,968.2817115614228
1,1.0,B1,a0,,972.9741293668999
2,1.0,B1,a0,1.0,974.9741293668999
1,1.0,7,a1,,977.8628090675242
1,1.0,1,a0,,984.9741293668999
1,1.0,8,a1,,987.8628090675242
2,1.0,1,a0,1.0,987.9741293668999
1,1.0,9,a1,,997.8628090675242
1,1.0,2,a0,,997.9741293668999
2,1.0,9,a1,1.0,998.8628090675242
1,1.0,3,a0,,1007.9741293668999
1,1.0,10,a1,,1008.8628090675242
2,1.0,10,a1,0.0,1009.8628090675242
2,1.0,3,a0,1.0,1010.9741293668999
2,-1.0,10,a1,1.0,1011.8628090675242
2,1.0,10,a2,5.0,1016.8628090675242
1,1.0,4,a0,,1020.9741293668999
1,-1.0,9,a1,,1021.8628090675242
1,1.0,11,a2,,1026.8628090675243
1,1.0,5,a0,,1030.9741293669
1,-1.0,8,a1,,1031.8628090675243
2,1.0,11,a2,0.0,1031.8628090675243
2,1.0,5,a0,0.0,1031.9741293669
1,-1.0,7,a1,,1041.8628090675243
1,1.0,12,a2,,1041.8628090675243
1,-1.0,4,a0,,1041.9741293669
2,1.0,12,a2,1.0,1042.8628090675243
2,-1.0,4,a0,1.0,1043.9741293669
1,-1.0,6,a1,,1051.8628090675243
1,1.0,13,a2,,1052.8628090675243
2,1.0,13,a2,0.0,1053.8628090675243
1,-1.0,3,a0,,1053.9741293669
2,-1.0,3,a0,0.0,1054.9741293669
1,-1.0,5,a1,,1061.8628090675243
2,-1.0,5,a1,0.0,1062.8628090675243
1,1.0,14,a2,,1063.8628090675243
2,1.0,14,a2,0.0,1063.8628090675243
1,-1.0,2,a0,,1064.9741293669
1,1.0,6,a1,,1072.8628090675243
2,-1.0,14,a2,1.0,1073.915912839382
1,-1.0,1,a0,,1074.9741293669
1,1.0,7,a1,,1082.8628090675243
2,1.0,7,a1,1.0,1083.8628090675243
1,-1.0,B1,a0,,1084.9741293669
1,-1.0,13,a2,,1086.0330161237973
2,-1.0,13,a2,1.0,1088.0330161237973
1,1.0,8,a1,,1093.8628090675243
1,-1.0,B2,a0,,1094.9741293669
1,-1.0,12,a2,,1098.0330161237973
1,1.0,9,a1,,1103.8628090675243
1,-1.0,B3,a0,,1104.9741293669
1,-1.0,11,a2,,1108.0330161237973
2,-1.0,B3,a0,1.0,1108.8815841364922
2,-1.0,11,a2,1.0,1110.0330161237973
1,1.0,10,a1,,1113.8628090675243
2,1.0,10,a1,0.0,1114.8628090675243
1,-1.0,B4,a0,,1118.8815841364922
1,-1.0,10,a2,,1120.0330161237973
2,-1.0,10,a2,0.0,1121.0330161237973
0,,10,a2,,1121.0330161237973
2,1.0,B4,a0,2.0,1121.8815841364922
2,-1.0,10,a1,2.0,1124.0330161237973
1,1.0,B3,a0,,1131.8815841364922
1,-1.0,9,a1,,1134.0330161237973
1,1.0,B2,a0,,1141.8815841364922
1,-1.0,8,a1,,1144.0330161237973
1,1.0,B1,a0,,1151.8815841364922
1,-1.0,7,a1,,1154.0330161237973
2,1.0,B1,a0,2.0,1157.8815841364922
1,-1.0,6,a1,,1164.0330161237973
1,1.0,1,a0,,1167.8815841364922
2,1.0,1,a0,2.0,1172.8815841364922
1,-1.0,5,a1,,1174.0330161237973
2,-1.0,5,a1,0.0,1176.0330161237973
1,1.0,2,a0,,1182.8815841364922
1,1.0,6,a1,,1186.0330161237973
1,1.0,3,a0,,1192.8815841364922
1,1.0,7,a1,,1196.0330161237973
1,1.0,4,a0,,1202.8815841364922
1,1.0,8,a1,,1208.0563451179682
1,1.0,5,a0,,1212.8815841364922
2,1.0,5,a0,0.0,1214.8815841364922
1,1.0,9,a1,,1218.0563451179682
2,1.0,9,a1,1.0,1219.0563451179682
1,-1.0,4,a0,,1224.8815841364922
2,-1.0,4,a0,1.0,1226.8815841364922
2,-1.0,10,a2,0.0,1229.053079863817
0,,10,a2,,1229.053079863817
1,1.0,10,a1,,1229.0563451179682
2,1.0,10,a1,0.0,1230.0563451179682
2,1.0,10,a2,2.0,1234.0563451179682
1,-1.0,3,a0,,1236.8815841364922
2,-1.0,3,a0,1.0,1239.8815841364922
1,-1.0,9,a1,,1240.0563451179682
2,-1.0,9,a1,1.0,1242.0563451179682
1,1.0,11,a2,,1244.0563451179682
1,-1.0,2,a0,,1249.8815841364922
1,-1.0,8,a1,,1252.0563451179682
1,1.0,12,a2,,1254.0563451179682
2,-1.0,8,a1,1.0,1255.0563451179682
1,1.0,13,a2,,1264.0563451179682
1,-1.0,7,a1,,1265.0563451179682
1,-1.0,1,a0,,1269.0464435217293
2,-1.0,1,a0,1.0,1271.0464435217293
1,1.0,14,a2,,1274.0563451179682
1,-1.0,6,a1,,1275.0563451179682
2,1.0,14,a2,0.0,1276.0563451179682
2,-1.0,6,a1,2.0,1279.0563451179682
1,-1.0,B1,a0,,1281.0464435217293
2,-1.0,B1,a0,1.0,1284.0464435217293
1,1.0,15,a2,,1286.0563451179682
0,,15,a2,,1286.0563451179682
1,-1.0,5,a1,,1289.0563451179682
2,-1.0,5,a1,0.0,1291.0563451179682
1,-1.0,B2,a0,,1294.0464435217293
1,1.0,6,a1,,1301.0563451179682
1,-1.0,B3,a0,,1304.0464435217293
1,-1.0,14,a2,,1305.6196309229354
2,-1.0,B3,a0,1.0,1306.0464435217293
1,1.0,7,a1,,1311.0563451179682
2,1.0,7,a1,1.0,1313.0563451179682
1,-1.0,13,a2,,1315.6196309229354
1,-1.0,B4,a0,,1316.0464435217293
2,-1.0,13,a2,1.0,1317.6196309229354
2,1.0,B4,a0,1.0,1319.0464435217293
1,1.0,8,a1,,1323.0563451179682
2,1.0,8,a1,1.0,1326.0563451179682
1,-1.0,12,a2,,1327.6196309229354
1,1.0,B3,a0,,1329.0464435217293
2,-1.0,12,a2,1.0,1330.6196309229354
1,1.0,9,a1,,1336.0563451179682
1,1.0,B2,a0,,1339.0464435217293
1,-1.0,11,a2,,1340.6196309229354
2,-1.0,11,a2,1.0,1343.6196309229354
1,1.0,10,a1,,1346.0563451179682
2,1.0,10,a1,0.0,1347.0563451179682
1,1.0,B1,a0,,1349.0464435217293
2,1.0,B1,a0,0.0,1350.0464435217293
1,-1.0,10,a2,,1353.6196309229354
2,-1.0,10,a2,0.0,1354.6196309229354
1,-1.0,9,a1,,1357.0563451179682
1,1.0,1,a0,,1360.0464435217293
1,1.0,11,a2,,1364.6196309229354
1,-1.0,8,a1,,1367.0563451179682
1,1.0,2,a0,,1370.0464435217293
1,1.0,12,a2,,1374.6196309229354
1,-1.0,7,a1,,1377.0563451179682
1,1.0,3,a0,,1380.0464435217293
1,1.0,13,a2,,1384.6196309229354
1,-1.0,6,a1,,1387.0563451179682
1,1.0,4,a0,,1390.0464435217293
2,1.0,4,a0,1.0,1391.0464435217293
1,1.0,14,a2,,1394.6196309229354
2,1.0,4,a0,1.0,1396.5070866264887
2,1.0,14,a2,1.0,1396.6196309229354
1,-1.0,5,a1,,1397.0563451179682
2,-1.0,5,a1,0.0,1397.0563451179682
1,1.0,5,a0,,1406.5070866264887
1,1.0,15,a2,,1406.6196309229354
1,1.0,6,a1,,1407.0563451179682
2,1.0,5,a0,0.0,1407.5070866264887
1,1.0,7,a1,,1417.0563451179682
1,-1.0,4,a0,,1417.5070866264887
1,-1.0,14,a2,,1417.6196309229354
2,-1.0,4,a0,1.0,1419.5070866264887
2,1.0,7,a1,1.0,1426.7535904393703
1,-1.0,13,a2,,1427.6196309229354
1,-1.0,3,a0,,1429.5070866264887
2,-1.0,3,a0,1.0,1431.5070866264887
1,1.0,8,a1,,1436.7535904393703
1,-1.0,12,a2,,1437.6196309229354
2,1.0,8,a1,0.0,1437.7535904393703
1,-1.0,2,a0,,1441.5070866264887
1,-1.0,11,a2,,1447.6196309229354
1,1.0,9,a1,,1447.7535904393703
1,-1.0,1,a0,,1451.5070866264887
1,-1.0,10,a2,,1457.6196309229354
2,-1.0,10,a2,0.0,1457.6196309229354
1,1.0,10,a1,,1457.7535904393703
2,1.0,10,a1,0.0,1457.7535904393703
1,-1.0,B1,a0,,1461.5070866264887
2,-1.0,B1,a0,0.0,1462.5070866264887
1,1.0,11,a2,,1467.6196309229354
1,-1.0,9,a1,,1467.7535904393703
2,1.0,11,a2,1.0,1469.6196309229354
1,-1.0,B2,a0,,1472.5070866264887
1,-1.0,8,a1,,1477.7535904393703
1,1.0,12,a2,,1479.6196309229354
2,-1.0,8,a1,1.0,1479.7535904393703
2,1.0,12,a2,0.0,1480.6196309229354
0,,12,a2,,1480.6196309229354
1,-1.0,B3,a0,,1482.5070866264887
1,-1.0,7,a1,,1489.7535904393703
1,-1.0,B4,a0,,1492.5070866264887
2,1.0,B4,a0,1.0,1494.5070866264887
1,-1.0,6,a1,,1499.7535904393703
2,-1.0,6,a1,1.0,1501.7535904393703
2,1.0,12,a2,1.0,1503.63562824793
1,1.0,B3,a0,,1504.5070866264887
1,-1.0,5,a1,,1511.7535904393703
2,-1.0,5,a1,0.0,1512.7535904393703
1,1.0,13,a2,,1513.63562824793
1,1.0,B2,a0,,1514.5070866264887
1,1.0,6,a1,,1522.7535904393703
1,1.0,14,a2,,1523.63562824793
1,1.0,B1,a0,,1524.5070866264887
2,1.0,14,a2,0.0,1524.63562824793
2,1.0,B1,a0,1.0,1527.5070866264887
1,1.0,7,a1,,1532.7535904393703
2,1.0,7,a1,0.0,1532.7535904393703
2,-1.0,7,a1,1.0,1533.7535904393703
1,-1.0,13,a2,,1534.63562824793
1,1.0,1,a0,,1537.5070866264887
2,1.0,1,a0,2.0,1542.5070866264887
1,-1.0,6,a1,,1543.7535904393703
1,-1.0,12,a2,,1544.63562824793
2,-1.0,12,a2,1.0,1546.63562824793
1,1.0,2,a0,,1552.5070866264887
1,-1.0,5,a1,,1553.7535904393703
2,-1.0,5,a1,0.0,1554.7535904393703
1,-1.0,11,a2,,1556.63562824793
1,1.0,3,a0,,1562.5070866264887
2,1.0,3,a0,0.0,1564.5070866264887
1,1.0,6,a1,,1564.7535904393703
1,-1.0,10,a2,,1566.63562824793
2,-1.0,10,a2,0.0,1567.63562824793
0,,10,a2,,1567.63562824793
1,1.0,4,a0,,1574.5070866264887
1,1.0,7,a1,,1577.63562824793
1,1.0,5,a0,,1584.5070866264887
2,1.0,5,a0,0.0,1584.5070866264887
1,1.0,8,a1,,1587.63562824793
1,-1.0,4,a0,,1594.5070866264887
2,-1.0,4,a0,1.0,1595.5070866264887
1,1.0,9,a1,,1597.63562824793
1,-1.0,3,a0,,1605.5070866264887
1,1.0,10,a1,,1607.63562824793
2,1.0,10,a1,0.0,1607.63562824793
2,-1.0,10,a1,3.0,1611.63562824793
1,-1.0,2,a0,,1615.5070866264887
1,-1.0,9,a1,,1621.63562824793
1,-1.0,1,a0,,1625.5070866264887
2,-1.0,9,a1,1.0,1626.63562824793
1,-1.0,B1,a0,,1635.5070866264887
1,-1.0,8,a1,,1636.63562824793
2,-1.0,B1,a0,1.0,1638.5070866264887
2,-1.0,8,a1,1.0,1639.63562824793
1,1.0,11,a2,,1641.2424748587491
1,-1.0,B2,a0,,1648.5070866264887
1,-1.0,7,a1,,1649.63562824793
1,1.0,12,a2,,1651.2424748587491
2,1.0,12,a2,0.0,1651.2424748587491
2,-1.0,12,a2,1.0,1652.2424748587491
1,-1.0,B3,a0,,1658.5070866264887
1,-1.0,6,a1,,1659.63562824793
1,-1.0,11,a2,,1662.2424748587491
1,-1.0,B4,a0,,1668.5070866264887
1,-1.0,5,a1,,1669.63562824793
2,-1.0,5,a1,0.0,1670.63562824793
2,1.0,B4,a0,1.0,1671.5070866264887
1,-1.0,10,a2,,1672.2424748587491
2,-1.0,10,a2,0.0,1673.2424748587491
0,,10,a2,,1673.2424748587491
1,1.0,6,a1,,1680.63562824793
1,1.0,B3,a0,,1681.5070866264887
2,1.0,B3,a0,0.0,1682.5070866264887
1,1.0,7,a1,,1690.63562824793
1,1.0,B2,a0,,1692.5070866264887
2,1.0,7,a1,1.0,1692.63562824793
1,1.0,B1,a0,,1702.5070866264887
1,1.0,8,a1,,1702.63562824793
2,1.0,B1,a0,1.0,1703.5070866264887
1,1.0,9,a1,,1712.63562824793
1,1.0,1,a0,,1713.5070866264887
2,1.0,9,a1,1.0,1714.63562824793
1,1.0,2,a0,,1723.5070866264887
1,1.0,10,a1,,1724.63562824793
2,1.0,10,a1,0.0,1725.63562824793
2,-1.0,10,a1,1.0,1727.63562824793
1,1.0,3,a0,,1733.5070866264887
2,1.0,3,a0,1.0,1736.5070866264887
1,-1.0,9,a1,,1737.63562824793
1,1.0,4,a0,,1746.5070866264887
1,-1.0,8,a1,,1747.63562824793
2,1.0,4,a0,1.0,1748.5070866264887
1,1.0,11,a2,,1750.5315223279129
2,1.0,11,a2,0.0,1750.5315223279129
2,-1.0,11,a2,1.0,1752.5315223279129
1,-1.0,7,a1,,1757.63562824793
1,1.0,5,a0,,1758.5070866264887
2,1.0,5,a0,0.0,1759.5070866264887
1,-1.0,10,a2,,1762.5315223279129
2,-1.0,10,a2,0.0,1763.5315223279129
0,,10,a2,,1763.5315223279129
1,-1.0,6,a1,,1767.63562824793
1,-1.0,4,a0,,1769.5070866264887
1,1.0,11,a2,,1777.5821743193806
1,-1.0,5,a1,,1777.63562824793
2,-1.0,5,a1,0.0,1778.63562824793
1,-1.0,3,a0,,1779.5070866264887
1,1.0,12,a2,,1787.5821743193806
2,1.0,12,a2,0.0,1787.5821743193806
1,1.0,6,a1,,1788.63562824793
1,-1.0,2,a0,,1789.5070866264887
2,-1.0,12,a2,1.0,1789.5821743193806
2,1.0,6,a1,1.0,1790.63562824793
1,-1.0,1,a0,,1799.5070866264887
1,-1.0,11,a2,,1799.5821743193806
1,1.0,7,a1,,1800.63562824793
2,-1.0,1,a0,1.0,1801.5070866264887
1,-1.0,10,a2,,1809.5821743193806
2,-1.0,10,a2,0.0,1810.5821743193806
0,,10,a2,,1810.5821743193806
1,1.0,8,a1,,1810.63562824793
1,-1.0,B1,a0,,1811.5070866264887
1,1.0,9,a1,,1820.63562824793
1,-1.0,B2,a0,,1821.5070866264887
1,1.0,10,a1,,1830.63562824793
1,-1.0,B3,a0,,1831.5070866264887
2,1.0,10,a1,0.0,1831.63562824793
2,-1.0,10,a1,1.0,1833.63562824793
2,1.0,10,a2,3.0,1835.63562824793
1,-1.0,B4,a0,,1841.5070866264887
1,-1.0,9,a1,,1843.63562824793
2,1.0,B4,a0,1.0,1844.5070866264887
1,1.0,11,a2,,1845.63562824793
2,1.0,11,a2,0.0,1848.63562824793
1,-1.0,8,a1,,1853.63562824793
1,1.0,B3,a0,,1854.5070866264887
1,1.0,12,a2,,1858.63562824793
1,-1.0,7,a1,,1863.63562824793
1,1.0,B2,a0,,1864.5070866264887
1,1.0,13,a2,,1868.63562824793
1,-1.0,6,a1,,1873.63562824793
1,1.0,B1,a0,,1874.5070866264887
2,1.0,B1,a0,1.0,1876.5070866264887
1,1.0,14,a2,,1878.63562824793
2,1.0,14,a2,0.0,1878.63562824793
1,-1.0,5,a1,,1883.63562824793
2,-1.0,5,a1,0.0,1884.63562824793
0,,5,a1,,1884.63562824793
1,1.0,1,a0,,1886.5070866264887
2,1.0,1,a0,2.0,1889.5070866264887
1,-1.0,13,a2,,1891.3503201017274
2,-1.0,13,a2,1.0,1893.3503201017274
1,1.0,6,a1,,1894.63562824793
2,1.0,6,a1,1.0,1895.63562824793
1,1.0,2,a0,,1899.5070866264887
1,-1.0,12,a2,,1903.3503201017274
1,1.0,7,a1,,1905.63562824793
1,1.0,3,a0,,1909.5070866264887
2,1.0,3,a0,1.0,1912.5070866264887
1,-1.0,11,a2,,1913.3503201017274
2,-1.0,11,a2,1.0,1915.3503201017274
1,1.0,8,a1,,1915.63562824793
1,1.0,4,a0,,1922.5070866264887
1,-1.0,10,a2,,1925.3503201017274
1,1.0,9,a1,,1925.63562824793
2,-1.0,10,a2,0.0,1926.3503201017274
1,1.0,5,a0,,1932.5070866264887
2,1.0,5,a0,0.0,1933.5070866264887
1,1.0,10,a1,,1935.63562824793
1,1.0,11,a2,,1936.3503201017274
2,1.0,10,a1,0.0,1936.63562824793
1,-1.0,4,a0,,1943.5070866264887
1,1.0,12,a2,,1946.3503201017274
1,-1.0,9,a1,,1946.63562824793
2,-1.0,9,a1,1.0,1947.63562824793
1,-1.0,3,a0,,1953.5070866264887
1,1.0,13,a2,,1956.3503201017274
1,-1.0,8,a1,,1957.63562824793
1,-1.0,2,a0,,1963.5070866264887
1,1.0,14,a2,,1966.3503201017274
2,1.0,14,a2,0.0,1966.3503201017274
1,-1.0,7,a1,,1967.63562824793
2,-1.0,14,a2,1.0,1968.3503201017274
1,-1.0,1,a0,,1973.5070866264887
1,-1.0,6,a1,,1977.63562824793
1,-1.0,13,a2,,1978.3503201017274
2,-1.0,6,a1,1.0,1980.63562824793
1,-1.0,B1,a0,,1983.5070866264887
1,-1.0,12,a2,,1988.3503201017274
1,-1.0,5,a1,,1990.63562824793
2,-1.0,5,a1,0.0,1991.63562824793
1,-1.0,B2,a0,,1993.5070866264887
1,-1.0,11,a2,,1998.3503201017274
1,1.0,6,a1,,2001.63562824793
1,-1.0,B3,a0,,2003.5070866264887
1,-1.0,10,a2,,2008.3503201017274
2,-1.0,10,a2,0.0,2009.3503201017274
1,1.0,7,a1,,2011.63562824793
1,-1.0,B4,a0,,2013.5070866264887
2,1.0,B4,a0,1.0,2014.5070866264887
1,1.0,11,a2,,2019.3503201017274
1,1.0,8,a1,,2021.63562824793
1,1.0,B3,a0,,2024.5070866264887
1,1.0,12,a2,,2029.3503201017274
1,1.0,9,a1,,2031.63562824793
1,1.0,B2,a0,,2034.5070866264887
1,1.0,13,a2,,2039.3503201017274
2,1.0,13,a2,0.0,2039.3503201017274
2,-1.0,13,a2,1.0,2040.3503201017274
1,1.0,10,a1,,2041.63562824793
2,1.0,10,a1,0.0,2041.63562824793
1,1.0,B1,a0,,2044.5070866264887
1,-1.0,12,a2,,2050.3503201017274
1,-1.0,9,a1,,2051.63562824793
1,1.0,1,a0,,2054.5070866264887
1,-1.0,11,a2,,2060.3503201017274
1,1.0,2,a0,,2064.5070866264887
1,-1.0,8,a1,,2067.2392836594104
1,-1.0,10,a2,,2070.3503201017274
2,-1.0,10,a2,0.0,2071.3503201017274
0,,10,a2,,2071.3503201017274
2,-1.0,10,a2,0.0,2071.3503201017274
0,,10,a2,,2071.3503201017274
2,-1.0,8,a1,1.0,2071.519763940374
1,1.0,3,a0,,2074.5070866264887
1,-1.0,7,a1,,2081.519763940374
1,1.0,4,a0,,2084.5070866264887
1,-1.0,6,a1,,2091.519763940374
1,1.0,5,a0,,2094.5070866264887
2,-1.0,6,a1,1.0,2094.519763940374
2,1.0,5,a0,0.0,2095.5070866264887
1,-1.0,5,a1,,2104.519763940374
1,-1.0,4,a0,,2105.5070866264887
2,-1.0,5,a1,0.0,2105.519763940374
0,,5,a1,,2105.519763940374
2,-1.0,5,a1,0.0,2105.519763940374
0,,5,a1,,2105.519763940374
1,-1.0,3,a0,,2115.5070866264887
2,-1.0,3,a0,1.0,2116.5070866264887
1,-1.0,2,a0,,2126.5070866264887
1,-1.0,1,a0,,2136.5070866264887
2,-1.0,1,a0,0.0,2137.5070866264887
1,-1.0,B1,a0,,2147.5070866264887
1,-1.0,B2,a0,,2157.5070866264887
1,-1.0,B3,a0,,2167.5070866264887
1,-1.0,B4,a0,,2177.5070866264887
2,1.0,B4,a0,2.0,2179.5070866264887
1,1.0,B3,a0,,2189.5070866264887
1,1.0,11,a2,,2198.268910080198
1,1.0,B2,a0,,2199.5070866264887
1,1.0,12,a2,,2208.268910080198
1,1.0,B1,a0,,2209.5070866264887
1,1.0,13,a2,,2218.268910080198
1,1.0,1,a0,,2219.5070866264887
1,1.0,6,a1,,2221.49500826271
2,1.0,1,a0,1.0,2223.5070866264887
1,1.0,14,a2,,2228.268910080198
2,1.0,14,a2,0.0,2228.268910080198
2,-1.0,14,a2,1.0,2229.268910080198
1,1.0,7,a1,,2231.49500826271
2,1.0,7,a1,1.0,2233.49500826271
1,1.0,2,a0,,2234.196211389977
1,-1.0,13,a2,,2239.268910080198
2,-1.0,13,a2,0.0,2240.268910080198
1,1.0,8,a1,,2243.49500826271
1,1.0,3,a0,,2244.196211389977
1,-1.0,12,a2,,2250.268910080198
1,1.0,9,a1,,2253.49500826271
1,1.0,4,a0,,2254.196211389977
2,1.0,4,a0,1.0,2256.196211389977
1,-1.0,11,a2,,2260.268910080198
2,-1.0,11,a2,1.0,2262.268910080198
1,1.0,10,a1,,2263.49500826271
2,1.0,10,a1,0.0,2264.49500826271
0,,10,a1,,2264.49500826271
1,1.0,5,a0,,2266.196211389977
2,1.0,5,a0,0.0,2267.196211389977
1,-1.0,10,a2,,2272.268910080198
2,-1.0,10,a2,0.0,2273.268910080198
0,,10,a2,,2273.268910080198
1,-1.0,4,a0,,2277.196211389977
2,-1.0,10,a1,3.0,2277.268910080198
2,-1.0,4,a0,1.0,2285.1988994963963
1,-1.0,9,a1,,2287.268910080198
2,-1.0,9,a1,2.0,2293.268910080198
1,-1.0,3,a0,,2295.1988994963963
2,-1.0,9,a1,0.0,2295.268910080198
1,-1.0,2,a0,,2305.1988994963963
1,-1.0,8,a1,,2305.268910080198
1,-1.0,1,a0,,2315.1988994963963
1,-1.0,7,a1,,2315.268910080198
2,-1.0,1,a0,1.0,2318.1988994963963
1,-1.0,B1,a0,,2328.1988994963963
2,-1.0,B1,a0,1.0,2330.1988994963963
1,-1.0,6,a1,,2330.6470053680578
2,-1.0,6,a1,1.0,2331.6470053680578
1,-1.0,B2,a0,,2340.1988994963963
1,-1.0,5,a1,,2341.6470053680578
2,-1.0,5,a1,0.0,2342.6470053680578
1,1.0,11,a2,,2343.7365688281907
1,-1.0,B3,a0,,2350.1988994963963
2,-1.0,B3,a0,0.0,2351.1988994963963
1,1.0,12,a2,,2353.7365688281907
1,1.0,6,a1,,2356.350462635244
1,-1.0,B4,a0,,2361.1988994963963
2,1.0,B4,a0,1.0,2363.1988994963963
1,1.0,13,a2,,2363.7365688281907
1,1.0,7,a1,,2366.350462635244
1,1.0,B3,a0,,2373.1988994963963
1,1.0,14,a2,,2373.7365688281907
2,1.0,14,a2,0.0,2373.7365688281907
2,-1.0,14,a2,1.0,2375.7365688281907
2,1.0,B3,a0,1.0,2376.1988994963963
1,1.0,8,a1,,2376.350462635244
2,1.0,B3,a0,1.0,2384.702017911746
1,-1.0,13,a2,,2385.7365688281907
1,1.0,9,a1,,2386.350462635244
1,1.0,B2,a0,,2394.702017911746
1,-1.0,12,a2,,2395.7365688281907
1,1.0,10,a1,,2396.350462635244
2,1.0,10,a1,0.0,2396.350462635244
2,-1.0,12,a2,2.0,2398.7365688281907
1,1.0,B1,a0,,2404.702017911746
1,-1.0,9,a1,,2406.350462635244
2,1.0,B1,a0,1.0,2406.702017911746
2,-1.0,9,a1,1.0,2408.350462635244
1,-1.0,11,a2,,2408.7365688281907
1,1.0,1,a0,,2416.702017911746
1,-1.0,8,a1,,2418.350462635244
1,-1.0,10,a2,,2418.7365688281907
2,1.0,1,a0,1.0,2419.702017911746
2,-1.0,10,a2,0.0,2420.7365688281907
0,,10,a2,,2420.7365688281907
2,-1.0,10,a2,0.0,2420.7365688281907
0,,10,a2,,2420.7365688281907
1,-1.0,7,a1,,2428.350462635244
1,1.0,2,a0,,2429.702017911746
2,-1.0,7,a1,1.0,2431.350462635244
2,1.0,2,a0,1.0,2431.702017911746
1,-1.0,6,a1,,2441.350462635244
1,1.0,3,a0,,2441.702017911746
2,1.0,3,a0,0.0,2442.702017911746
1,-1.0,5,a1,,2451.350462635244
2,-1.0,5,a1,0.0,2452.350462635244
0,,5,a1,,2452.350462635244
1,1.0,4,a0,,2452.702017911746
2,1.0,4,a0,0.0,2452.702017911746
1,1.0,5,a0,,2462.702017911746
2,1.0,5,a0,0.0,2462.702017911746
1,1.0,11,a2,,2468.8658240934574
1,1.0,6,a1,,2472.8421384257485
1,1.0,12,a2,,2478.8658240934574
2,1.0,12,a2,0.0,2478.8658240934574
2,-1.0,12,a2,1.0,2479.8658240934574
1,1.0,7,a1,,2482.8421384257485
1,-1.0,11,a2,,2489.8658240934574
1,1.0,8,a1,,2492.8421384257485
2,-1.0,5,a0,20.0,2495.702017911746
1,-1.0,10,a2,,2499.8658240934574
