cid,pass_by,appear_time,destination,boarding_time,get_off_time,total_waiting_time,time_in_elev,journey_time,transfer_num,isSuccessful
0,"['4', '1']",9.916163658767971,1,[24.91616365876797],[38.91616365876797],15.0,14.0,29.0,0,True
<<<<<<< HEAD
1,"['12', '7', '3']",45.95246624608481,3,"[82.84635030275116, 116.84635030275116]","[104.84635030275116, 134.84635030275115]",48.89388405666635,39.999999999999986,88.89388405666634,1,True
2,"['13', '7']",47.84635030275116,7,[74.84635030275116],[104.84635030275116],27.0,30.0,57.0,0,True
3,"['B1', '1']",53.19069985029287,15,[68.19069985029287],[74.19069985029287],3540.8093001497073,6.0,3546.8093001497073,1,False
4,"['5', '7']",55.738151958326156,7,[74.73815195832616],[85.73815195832616],19.0,11.0,30.0,0,True
5,"['5', '7', '9']",56.50326350582726,9,"[75.73815195832616, 111.84635030275116]","[85.73815195832616, 121.84635030275116]",45.3430867969239,20.0,65.3430867969239,1,True
6,"['7', '15']",62.026413721920264,15,[109.84635030275116],[148.84635030275115],47.8199365808309,38.999999999999986,86.81993658083088,0,True
7,"['15', '7', '1']",93.78078653807835,1,"[150.84635030275115, 203.84635030275115]","[190.84635030275115, 233.84635030275115]",70.0655637646728,70.0,140.0655637646728,1,True
8,"['11', '7', '1', 'B1']",98.46581066582772,B1,"[169.84635030275115, 201.84635030275115, 245.84635030275115]","[190.84635030275115, 233.84635030275115, 251.84635030275115]",94.38053963692343,59.0,153.38053963692343,2,True
9,"['5', '7', '11']",123.12331422313096,11,"[147.84635030275115, 194.84635030275115]","[157.84635030275115, 212.84635030275115]",61.72303607962019,28.0,89.72303607962019,1,True
10,"['10', '7', '4']",139.8415792341953,4,"[176.84635030275115, 200.84635030275115]","[190.84635030275115, 217.84635030275115]",47.00477106855584,31.0,78.00477106855584,1,True
11,"['15', '7', '1']",185.2917372766533,1,"[233.84635030275115, 323.46741903047456]","[272.7537201033976, 357.01674038203413]",99.26831195317482,72.45669115220602,171.72500310538084,1,True
12,"['B4', '1']",187.56435463843508,2,[206.56435463843508],[224.56435463843508],3394.435645361565,18.0,3412.435645361565,1,False
13,"['14', '7']",192.76717169766087,1,[2599.0224077758967],[2647.0224077758967],3359.232828302339,48.0,3407.232828302339,1,False
14,"['B1', 'B4']",205.6264953293599,B4,[255.84635030275115],[269.84635030275115],50.21985497339125,14.0,64.21985497339125,0,True
15,['1'],245.91038136085672,15,,,3354.0896186391433,,,0,False
16,"['6', '1', 'B3']",249.46741903047456,B3,"[272.46741903047456, 313.46741903047456]","[294.46741903047456, 327.46741903047456]",42.0,36.0,78.0,1,True
17,"['10', '7', '1', 'B3']",251.7537201033976,B3,"[258.7537201033976, 322.46741903047456, 370.01674038203413]","[272.7537201033976, 357.01674038203413, 390.01674038203413]",69.71369892707696,68.54932135155957,138.26302027863653,2,True
18,"['11', '7']",272.310949472104,1,[3162.6513196899314],[3208.6513196899314],3281.689050527896,46.0,3327.689050527896,1,False
19,"['6', '1', 'B1']",279.83172787144287,B1,"[330.46741903047456, 369.01674038203413]","[357.01674038203413, 378.01674038203413]",62.635691159031694,35.54932135155957,98.18501251059126,1,True
20,"['B4', 'B1']",296.45006279076057,B1,[335.46741903047456],[349.46741903047456],39.01735623971399,14.0,53.01735623971399,0,True
21,"['5', '7']",329.73076802241224,11,[1358.5271084680319],[1379.5271084680319],3249.269231977588,21.0,3270.269231977588,1,False
22,"['2', '6']",330.7541205346067,6,[1340.5271084680319],[1372.5271084680319],1009.7729879334252,32.0,1041.7729879334252,0,True
23,"['7', '8']",331.8106724984027,8,[340.8106724984027],[346.8106724984027],9.0,6.0,15.0,0,True
24,"['3', '1', 'B4']",333.01674038203413,B4,"[347.01674038203413, 368.01674038203413]","[357.01674038203413, 399.01674038203413]",25.0,41.0,66.0,1,True
25,"['3', '7', '13']",343.69879664568356,13,"[373.01674038203413, 400.01674038203413]","[391.01674038203413, 426.01674038203413]",38.31794373635057,44.0,82.31794373635057,1,True
26,"['5', '7']",351.5332315955345,13,[1360.5271084680319],[1379.5271084680319],3229.4667684044657,19.0,3248.4667684044657,1,False
27,"['1', 'B3']",361.4746992736147,B3,[372.01674038203413],[390.01674038203413],10.542041108419426,18.0,28.542041108419426,0,True
28,"['4', '1']",366.5048830357381,B4,[409.01674038203413],[423.01674038203413],3219.495116964262,14.0,3233.495116964262,1,False
29,['1'],370.23525119892605,5,,,3229.764748801074,,,0,False
30,"['B4', '1']",373.2873524878888,1,[402.01674038203413],[424.01674038203413],28.729387894145304,22.0,50.729387894145304,0,True
31,"['B1', '1']",396.1634281942406,15,[418.01674038203413],[424.01674038203413],3197.8365718057594,6.0,3203.8365718057594,1,False
32,"['9', '7', '1']",405.4276164474184,1,"[447.01674038203413, 507.01674038203413]","[459.01674038203413, 540.0167403820342]",89.58912393461571,45.00000000000006,134.58912393461577,1,True
33,"['7', '1']",405.5617721014852,B4,[452.01674038203413],[478.01674038203413],3168.438227898515,26.0,3194.438227898515,1,False
34,"['11', '7']",415.14100052040374,1,[3164.6513196899314],[3208.6513196899314],3140.858999479596,44.0,3184.858999479596,1,False
35,"['5', '7']",421.199888576347,9,[1361.5271084680319],[1379.5271084680319],3160.800111423653,18.0,3178.800111423653,1,False
36,"['9', '7', '1']",435.19858651044143,B1,"[449.01674038203413, 506.01674038203413]","[459.01674038203413, 540.0167403820342]",3120.8014134895584,44.00000000000006,3164.8014134895584,2,False
37,"['11', '7']",440.68117527678476,5,[3166.6513196899314],[3208.6513196899314],3117.318824723215,42.0,3159.318824723215,1,False
38,"['B4', '1']",452.92670106853063,3,[471.92670106853063],[489.92670106853063],3129.0732989314693,18.0,3147.0732989314693,1,False
39,"['14', '7']",462.54818516839896,1,[2601.0224077758967],[2647.0224077758967],3091.451814831601,46.0,3137.451814831601,1,False
40,"['8', '9']",484.61733832365616,9,[491.61733832365616],[497.61733832365616],7.0,6.0,13.0,0,True
41,"['5', '3']",493.059282424626,3,[519.0167403820342],[529.0167403820342],25.957457957408167,10.0,35.95745795740817,0,True
42,['1'],504.85049956154944,4,,,3095.1495004384506,,,0,False
43,"['B1', 'B3']",506.0979385393428,B3,[512.0979385393427],[522.0979385393427],5.999999999999943,10.0,15.999999999999943,0,True
44,"['4', '7', '13']",509.04594167480445,13,"[559.0167403820342, 585.0167403820342]","[573.0167403820342, 611.0167403820342]",61.97079870722973,40.0,101.97079870722973,1,True
45,"['B3', '1']",533.5993438344128,6,[541.5993438344128],[560.7454593653546],3047.2545406346453,19.146115530941756,3066.400656165587,1,False
46,"['3', '1']",535.3303765039853,B1,[599.788279886912],[609.788279886912],3054.6696234960145,10.0,3064.6696234960145,1,False
47,"['3', '4']",541.8777988085856,4,[2400.1213194799966],[2410.1213194799966],1858.243520671411,10.0,1868.243520671411,0,True
48,"['B1', '1']",546.7454593653546,13,[553.7454593653546],[560.7454593653546],3046.2545406346453,7.0,3053.2545406346453,1,False
49,"['B1', '1']",549.858680796489,4,[554.7454593653546],[560.7454593653546],3044.1413192035106,6.0,3050.1413192035106,1,False
50,"['B3', '1']",574.9551507007808,1,[588.9551507007808],[602.9551507007808],14.0,14.0,28.0,0,True
51,"['6', '7', '9']",582.2394612703904,9,"[635.788279886912, 647.37020489756]","[641.788279886912, 657.37020489756]",59.130743627169636,16.0,75.13074362716964,1,True
52,"['4', '1']",585.788279886912,B4,[592.788279886912],[609.788279886912],2997.2117201130877,17.0,3014.2117201130877,1,False
53,"['2', '1']",607.1281589174047,B4,[666.788279886912],[672.788279886912],2986.871841082595,6.0,2992.871841082595,1,False
54,"['8', '7', '4']",617.37020489756,4,"[639.37020489756, 700.788279886912]","[645.37020489756, 723.788279886912]",77.41807498935202,29.0,106.41807498935202,1,True
55,"['12', '7', '1']",640.6115389852015,1,"[673.37020489756, 702.788279886912]","[695.37020489756, 747.788279886912]",40.17674090171056,67.0,107.17674090171056,1,True
56,['1'],657.8167355361007,B1,,,2942.1832644638994,,,0,False
57,"['7', '10']",660.2969224887652,10,[698.37020489756],[712.37020489756],38.07328240879485,14.0,52.07328240879485,0,True
58,"['5', '3']",662.7338199741775,3,[717.788279886912],[731.788279886912],55.0544599127345,14.0,69.0544599127345,0,True
59,"['9', '7']",671.8140501645402,B1,[2096.6768336856644],[2113.6768336856644],2911.1859498354597,17.0,2928.1859498354597,1,False
60,"['6', '1']",686.371873642134,1,[709.788279886912],[747.788279886912],23.416406244778045,38.0,61.416406244778045,0,True
61,"['2', '1']",704.8563837835327,1,[741.788279886912],[747.788279886912],36.93189610337936,6.0,42.93189610337936,0,True
62,['7'],716.5303320665192,4,,,2883.4696679334807,,,0,False
63,"['5', '7']",717.09293096798,10,[1363.5271084680319],[1379.5271084680319],2866.9070690320204,16.0,2882.9070690320204,1,False
64,"['3', '1']",717.626183320042,1,[734.788279886912],[747.788279886912],17.162096566870105,13.0,30.162096566870105,0,True
65,"['B3', '1']",725.6880572484987,3,[739.6880572484987],[753.6880572484987],2860.311942751501,14.0,2874.311942751501,1,False
66,"['15', '7']",771.4559840874356,3,[794.4559840874356],[828.4559840874356],2794.5440159125646,34.0,2828.5440159125646,1,False
67,"['5', '7']",793.4390067027588,7,[1364.5271084680319],[1379.5271084680319],571.0881017652731,15.0,586.0881017652731,0,True
68,"['B1', '1']",798.5999811516386,10,[805.5999811516386],[811.5999811516386],2795.4000188483615,6.0,2801.4000188483615,1,False
69,"['14', '7']",804.3403630923694,1,[2602.0224077758967],[2647.0224077758967],2750.6596369076306,45.0,2795.6596369076306,1,False
70,['1'],813.3365439248028,14,,,2786.6634560751972,,,0,False
71,"['4', '2']",822.1137568936522,2,[837.1137568936522],[847.1137568936522],15.0,10.0,25.0,0,True
72,['1'],824.2700267260577,B4,,,2775.729973273942,,,0,False
73,"['11', '10']",824.4825710994406,10,[3168.6513196899314],[3192.6513196899314],2344.168748590491,24.0,2368.168748590491,0,True
74,"['8', '7']",843.5555734212662,1,[849.5555734212662],[855.5555734212662],2750.444426578734,6.0,2756.444426578734,1,False
75,"['11', '7']",856.029779370638,B4,[3170.6513196899314],[3208.6513196899314],2705.970220629362,38.0,2743.970220629362,1,False
76,"['4', '7', '8']",872.9404820071559,8,"[883.9404820071559, 983.1558201315427]","[897.9404820071559, 989.1558201315427]",96.21533812438679,20.0,116.21533812438679,1,True
77,"['14', '15']",901.5325595400226,15,[932.5325595400226],[938.5325595400226],31.0,6.0,37.0,0,True
78,"['5', '7']",911.0447670439306,9,[1365.5271084680319],[1379.5271084680319],2674.9552329560697,14.0,2688.9552329560697,1,False
79,"['14', '7']",920.699804854268,1,[2603.0224077758967],[2647.0224077758967],2635.300195145732,44.0,2679.300195145732,1,False
80,"['5', '7']",935.9924464900673,14,[1366.5271084680319],[1379.5271084680319],2651.007553509933,13.0,2664.007553509933,1,False
81,"['9', '13']",963.4544947855537,13,[998.1558201315427],[1016.1558201315427],34.70132534598895,18.0,52.70132534598895,0,True
82,"['8', '7']",964.1558201315427,7,[974.1558201315427],[980.1558201315427],10.0,6.0,16.0,0,True
83,"['B3', 'B4']",969.9055433943222,B4,[983.9055433943222],[989.9055433943222],14.0,6.0,20.0,0,True
84,['1'],989.5780838033628,B4,,,2610.421916196637,,,0,False
85,"['2', '5']",1021.5950339036822,5,[1341.5271084680319],[1355.5271084680319],319.9320745643497,14.0,333.9320745643497,0,True
86,"['13', '14']",1048.0003735500175,14,[1057.0003735500175],[1063.0003735500175],9.0,6.0,15.0,0,True
87,"['9', '7']",1073.2442318629583,1,[2098.6768336856644],[2113.6768336856644],2511.7557681370417,15.0,2526.7557681370417,1,False
88,['1'],1080.9986230538593,11,,,2519.0013769461407,,,0,False
89,"['B1', '1']",1087.5448788582084,7,[1102.5448788582084],[1108.5448788582084],2506.4551211417916,6.0,2512.4551211417916,1,False
90,"['5', '3']",1098.127575433989,3,[1108.127575433989],[1118.127575433989],10.0,10.0,20.0,0,True
91,"['14', '13']",1117.2963409521656,13,[2605.0224077758967],[2614.0224077758967],1487.7260668237311,9.0,1496.7260668237311,0,True
92,"['4', '7', '12']",1146.5366519365214,12,"[1153.5366519365214, 1199.5366519365214]","[1167.5366519365214, 1227.5366519365214]",39.0,42.0,81.0,1,True
93,"['11', '7']",1183.6581898844136,B1,[3171.6513196899314],[3208.6513196899314],2379.3418101155867,37.0,2416.3418101155867,1,False
94,['1'],1186.8355990989032,3,,,2413.164400901097,,,0,False
95,"['7', '9']",1188.9335089576464,9,[1201.5366519365214],[1211.5366519365214],12.603142978874985,10.0,22.603142978874985,0,True
96,"['6', '7']",1199.6801550195598,9,[1205.6801550195598],[1211.6801550195598],2394.3198449804404,6.0,2400.3198449804404,1,False
97,"['9', '7']",1210.9248739016111,6,[2099.6768336856644],[2113.6768336856644],2375.075126098389,14.0,2389.075126098389,1,False
98,"['13', '7']",1214.8561593963861,1,[1257.5366519365214],[1287.5366519365214],2355.1438406036136,30.0,2385.1438406036136,1,False
99,"['15', '7']",1218.4579381118633,B1,[1245.5366519365214],[1287.5366519365214],2339.5420618881362,42.0,2381.5420618881362,1,False
100,"['4', '1']",1226.6357216196495,1,[1241.6357216196495],[1255.6357216196495],15.0,14.0,29.0,0,True
101,['7'],1228.796624312496,6,,,2371.203375687504,,,0,False
102,"['6', '2']",1241.587363599035,2,[3525.95006135831],[3595.95006135831],2284.362697759275,70.0,2354.362697759275,0,True
103,"['10', '7']",1250.1648087536064,B4,[1273.5366519365214],[1287.5366519365214],2335.835191246393,14.0,2349.835191246393,1,False
104,"['B3', 'B4']",1289.5809070491002,B4,[1304.5809070491002],[1310.5809070491002],15.0,6.0,21.0,0,True
105,"['6', '5']",1306.8483452531163,5,[3527.95006135831],[3547.95006135831],2221.1017161051936,20.0,2241.1017161051936,0,True
106,"['2', '1']",1334.5271084680319,B4,[1406.5271084680319],[1412.5271084680319],2259.4728915319683,6.0,2265.4728915319683,1,False
107,['5'],1383.4456600014555,B3,[3551.95006135831],,2168.5044013568545,48.049938641690005,2216.5543399985445,0,False
108,"['B3', '1']",1384.5206404805276,10,[1391.5206404805276],[1405.5206404805276],2201.4793595194724,14.0,2215.4793595194724,1,False
109,"['2', '7']",1391.8048698220232,13,[1422.5271084680319],[1451.5271084680319],2179.1951301779773,29.0,2208.1951301779773,1,False
110,"['5', '7']",1397.3768652112494,15,[1441.5271084680319],[1451.5271084680319],2192.6231347887506,10.0,2202.6231347887506,1,False
111,"['4', '7']",1402.1958948524705,12,[1433.5271084680319],[1451.5271084680319],2179.8041051475298,18.0,2197.8041051475298,1,False
112,"['B4', '1']",1408.815132807476,3,[1426.815132807476],[1444.815132807476],2173.184867192524,18.0,2191.184867192524,1,False
113,"['4', '3']",1414.2257060091436,3,[1628.3346734726508],[1634.3346734726508],214.10896746350727,6.0,220.10896746350727,0,True
114,"['6', '7']",1421.0634602242244,10,[1656.3346734726508],[1664.3346734726508],2170.9365397757756,8.0,2178.9365397757756,1,False
115,"['13', '7']",1447.6548345838505,1,[1474.6548345838505],[1500.6548345838505],2126.3451654161495,26.0,2152.3451654161495,1,False
116,"['3', '5']",1458.4355915702793,5,[2401.1213194799966],[2418.1213194799966],942.6857279097173,17.0,959.6857279097173,0,True
117,"['6', '7']",1487.8094149140081,11,[1658.3346734726508],[1664.3346734726508],2106.190585085992,6.0,2112.190585085992,1,False
118,['7'],1490.6708910860173,10,,,2109.329108913983,,,0,False
119,"['15', '7']",1532.242829079607,B3,[1566.242829079607],[1600.242829079607],2033.757170920393,34.0,2067.757170920393,1,False
120,['1'],1536.674491769992,5,,,2063.325508230008,,,0,False
121,"['B1', '1']",1538.672244166753,10,[1545.672244166753],[1551.672244166753],2055.327755833247,6.0,2061.327755833247,1,False
122,"['5', '3']",1550.2760208928014,3,[3552.95006135831],[3583.95006135831],2002.6740404655086,31.0,2033.6740404655086,0,True
123,"['9', '7']",1571.838249118206,1,[2101.6768336856644],[2113.6768336856644],2016.161750881794,12.0,2028.161750881794,1,False
124,"['12', '7']",1597.0669424718749,2,[1625.242829079607],[1647.242829079607],1980.9330575281251,22.0,2002.9330575281251,1,False
125,"['11', '7']",1605.7174242019796,4,[3173.6513196899314],[3208.6513196899314],1959.2825757980204,35.0,1994.2825757980204,1,False
126,"['4', '6']",1613.3346734726508,6,[1642.3346734726508],[1652.3346734726508],29.0,10.0,39.0,0,True
127,['5'],1627.269144327219,B4,[3554.95006135831],,1927.680917031091,45.049938641690005,1972.730855672781,0,False
128,"['5', '7']",1649.0498639003756,9,[2421.1213194799966],[2443.1213194799966],1928.9501360996244,22.0,1950.9501360996244,1,False
129,"['2', '4']",1660.873049228938,4,[1707.1624164030898],[1717.1624164030898],46.28936717415172,10.0,56.28936717415172,0,True
130,"['12', '13']",1662.6098797065902,13,[1684.6098797065902],[1690.6098797065902],22.0,6.0,28.0,0,True
131,"['3', '1']",1680.1624164030898,B3,[1687.1624164030898],[1697.1624164030898],1909.8375835969102,10.0,1919.8375835969102,1,False
132,"['6', '4']",1680.617377951246,4,[3529.95006135831],[3572.95006135831],1849.332683407064,43.0,1892.332683407064,0,True
133,"['4', '7']",1682.612562655605,12,[1720.1624164030898],[1734.1624164030898],1903.387437344395,14.0,1917.387437344395,1,False
134,"['9', '7']",1692.826452558805,2,[2102.6768336856644],[2113.6768336856644],1896.173547441195,11.0,1907.173547441195,1,False
135,"['B3', 'B4']",1720.1632959045203,B4,[1735.1632959045203],[1741.1632959045203],15.0,6.0,21.0,0,True
136,"['11', '7']",1721.9392864455283,3,[3175.6513196899314],[3208.6513196899314],1845.0607135544717,33.0,1878.0607135544717,1,False
137,"['6', '7']",1730.6376529807208,13,[2436.1213194799966],[2443.1213194799966],1862.3623470192792,7.0,1869.3623470192792,1,False
138,"['8', '7']",1743.2631025088217,B4,[1766.2631025088217],[1774.2631025088217],1848.7368974911783,8.0,1856.7368974911783,1,False
139,"['8', '7']",1756.489004349979,7,[1768.2631025088217],[1774.2631025088217],11.774098158842662,6.0,17.774098158842662,0,True
140,['1'],1774.7703615890869,14,,,1825.2296384109131,,,0,False
141,"['15', '13']",1785.8973693782762,13,[1820.8973693782762],[1830.8973693782762],35.0,10.0,45.0,0,True
142,"['11', '7']",1792.9383018326564,2,[3177.6513196899314],[3208.6513196899314],1776.0616981673436,31.0,1807.0616981673436,1,False
143,"['9', '7']",1796.082810880637,3,[2103.6768336856644],[2113.6768336856644],1793.917189119363,10.0,1803.917189119363,1,False
144,['7'],1845.3239557908605,1,,,1754.6760442091395,,,0,False
145,"['6', '7']",1846.1269082815593,9,[2437.1213194799966],[2443.1213194799966],1747.8730917184407,6.0,1753.8730917184407,1,False
146,"['B3', 'B4']",1854.0967033664044,B4,[1860.0967033664044],[1866.0967033664044],6.0,6.0,12.0,0,True
147,"['5', '7']",1867.7376044669986,9,[2422.1213194799966],[2443.1213194799966],1711.2623955330014,21.0,1732.2623955330014,1,False
148,"['4', '1']",1878.3663860222064,1,[1892.3663860222064],[1906.3663860222064],14.0,14.0,28.0,0,True
149,"['B4', 'B3']",1900.542594587162,B3,[1908.542594587162],[1914.542594587162],8.0,6.0,14.0,0,True
150,"['11', '7']",1912.9679152118863,7,[3178.6513196899314],[3208.6513196899314],1265.683404478045,30.0,1295.683404478045,0,True
151,"['11', '12']",1914.235768966948,12,[1976.001340622075],[1982.001340622075],61.76557165512713,6.0,67.76557165512713,0,True
152,"['12', '7']",1917.001340622075,B1,[1924.001340622075],[1949.001340622075],1657.998659377925,25.0,1682.998659377925,1,False
153,"['8', '7']",1919.4261153021248,3,[1943.001340622075],[1949.001340622075],1674.5738846978752,6.0,1680.5738846978752,1,False
154,['6'],1920.9125974773106,B1,[3530.95006135831],,1610.0374638809994,69.04993864169,1679.0874025226894,0,False
155,"['10', '7']",1922.3965621985976,B3,[2286.294927918994],[2300.294927918994],1663.6034378014024,14.0,1677.6034378014024,1,False
156,"['10', '11']",1931.3029482553004,11,[1967.001340622075],[1973.001340622075],35.69839236677467,6.0,41.69839236677467,0,True
157,"['3', '7']",1939.5458880744877,10,[2403.1213194799966],[2443.1213194799966],1620.4541119255123,40.0,1660.4541119255123,1,False
158,"['B1', '1']",1946.1985084930964,14,[1957.1985084930964],[1963.1985084930964],1647.8014915069036,6.0,1653.8014915069036,1,False
159,"['5', '6']",1954.311468385811,6,[2424.1213194799966],[2434.1213194799966],469.80985109418566,10.0,479.80985109418566,0,True
160,"['14', '7']",1986.7446366901604,1,[2606.0224077758967],[2647.0224077758967],1572.2553633098396,41.0,1613.2553633098396,1,False
161,"['11', '7']",1991.201360425536,6,[3180.6513196899314],[3208.6513196899314],1580.798639574464,28.0,1608.798639574464,1,False
162,"['B4', '1']",2011.0501986027252,1,[2029.0501986027252],[2047.0501986027252],18.0,18.0,36.0,0,True
163,['7'],2016.1611106094997,1,,,1583.8388893905003,,,0,False
164,"['5', '7']",2025.0861411763894,13,[2426.1213194799966],[2443.1213194799966],1557.9138588236106,17.0,1574.9138588236106,1,False
165,"['4', '7']",2026.9874671006678,15,[2040.9874671006678],[2054.987467100668],1559.0125328993322,14.0,1573.0125328993322,1,False
166,"['2', '1']",2029.254307399597,1,[2084.987467100668],[2090.987467100668],55.73315970107069,6.0,61.73315970107069,0,True
167,"['3', '1']",2044.8774631964268,B1,[2076.987467100668],[2090.987467100668],1541.1225368035732,14.0,1555.1225368035732,1,False
168,"['11', '7']",2048.740904903335,B1,[3181.6513196899314],[3208.6513196899314],1524.259095096665,27.0,1551.259095096665,1,False
169,"['13', '9']",2067.6768336856644,9,[2074.6768336856644],[2092.6768336856644],7.0,18.0,25.0,0,True
170,"['B4', '1']",2070.9279695382,6,[2089.9279695382],[2107.9279695382],1511.0720304617998,18.0,1529.0720304617998,1,False
171,"['13', '7']",2095.3271598274164,7,[2618.0224077758967],[2647.0224077758967],522.6952479484803,29.0,551.6952479484803,0,True
172,"['5', '7']",2100.6666158481466,15,[2428.1213194799966],[2443.1213194799966],1484.3333841518534,15.0,1499.3333841518534,1,False
173,"['12', '7']",2108.11541763666,6,[2138.6768336856644],[2160.6768336856644],1469.88458236334,22.0,1491.88458236334,1,False
174,['6'],2109.7514782599555,B1,[3532.95006135831],,1423.1985830983544,67.04993864169,1490.2485217400445,0,False
175,['1'],2132.1220873681546,9,,,1467.8779126318454,,,0,False
176,['7'],2162.4687698762013,5,,,1437.5312301237987,,,0,False
177,"['8', '11']",2186.6169224765063,11,[2192.6169224765063],[2206.6169224765063],6.0,14.0,20.0,0,True
178,"['11', '7']",2204.7925494188225,5,[3182.6513196899314],[3208.6513196899314],1369.2074505811775,26.0,1395.2074505811775,1,False
179,"['B3', '1']",2210.1656586804074,4,[2224.1656586804074],[2238.1656586804074],1375.8343413195926,14.0,1389.8343413195926,1,False
180,['B1'],2217.0850029268113,2,,,1382.9149970731887,,,0,False
181,"['4', '1']",2235.387586407467,B1,[2250.387586407467],[2264.387586407467],1350.612413592533,14.0,1364.612413592533,1,False
182,"['12', '10']",2267.294927918994,10,[2273.294927918994],[2283.294927918994],6.0,10.0,16.0,0,True
183,"['B1', 'B3']",2271.3532582865414,B3,[2277.3532582865414],[2287.3532582865414],6.0,10.0,16.0,0,True
184,"['8', '14']",2273.4548173931657,14,[2760.1039280485984],[2786.1039280485984],486.64911065543265,26.0,512.6491106554327,0,True
185,"['11', '7']",2286.9261457964762,7,[3183.6513196899314],[3208.6513196899314],896.7251738934551,25.0,921.7251738934551,0,True
186,['9'],2294.9119635233214,B3,,,1305.0880364766786,,,0,False
187,"['9', '13']",2298.8677590608495,13,[2314.294927918994],[2332.294927918994],15.427168858144341,18.0,33.42716885814434,0,True
188,['10'],2312.2086093016965,14,,,1287.7913906983035,,,0,False
189,"['13', '15']",2319.5984385592237,15,[2335.294927918994],[2345.294927918994],15.696489359770112,10.0,25.696489359770112,0,True
190,['1'],2352.6978865648193,3,,,1247.3021134351807,,,0,False
191,"['8', '7']",2366.2854500736453,1,[2397.2854500736453],[2403.2854500736453],1227.7145499263547,6.0,1233.7145499263547,1,False
192,"['3', '7']",2372.943162655439,12,[2404.1213194799966],[2443.1213194799966],1188.0568373445608,39.0,1227.0568373445608,1,False
193,"['B4', '1']",2387.428806464959,9,[2394.428806464959],[2412.428806464959],1194.571193535041,18.0,1212.571193535041,1,False
194,"['3', '1']",2390.1213194799966,1,[2463.1213194799966],[2473.1213194799966],73.0,10.0,83.0,0,True
195,['12'],2403.0751951858665,1,,,1196.9248048141335,,,0,False
196,"['11', '7']",2420.6934282951474,3,[3184.6513196899314],[3208.6513196899314],1155.3065717048526,24.0,1179.3065717048526,1,False
197,['5'],2423.823776155809,B1,[3556.95006135831],,1133.126285202501,43.049938641690005,1176.176223844191,0,False
198,"['13', '7']",2425.317779333344,5,[2619.0224077758967],[2647.0224077758967],1146.6822206666561,28.0,1174.6822206666561,1,False
199,['9'],2436.8127589521473,1,,,1163.1872410478527,,,0,False
200,"['13', '14']",2442.824533320717,14,[2469.824533320717],[2475.824533320717],27.0,6.0,33.0,0,True
201,['B1'],2459.654342201888,12,,,1140.345657798112,,,0,False
202,['2'],2468.303845577215,B3,[3598.95006135831],,1130.6462157810952,1.0499386416900052,1131.6961544227852,0,False
203,"['4', '1']",2479.576516493637,B4,[2493.576516493637],[2507.576516493637],1106.423483506363,14.0,1120.423483506363,1,False
204,"['11', '15']",2480.3203695625552,15,[2535.813932765216],[2553.813932765216],55.49356320266088,18.0,73.49356320266088,0,True
205,"['8', '7']",2481.813932765216,6,[2508.813932765216],[2514.813932765216],1112.1860672347839,6.0,1118.1860672347839,1,False
206,"['14', '7']",2498.8652013593596,4,[2608.0224077758967],[2647.0224077758967],1062.1347986406404,39.0,1101.1347986406404,1,False
207,"['B3', 'B4']",2505.155823190611,B4,[2519.155823190611],[2525.155823190611],14.0,6.0,20.0,0,True
208,['12'],2539.204489228247,10,,,1060.795510771753,,,0,False
209,"['6', '7']",2568.0325312874497,7,[2595.4014863827797],[2601.4014863827797],27.368955095329966,6.0,33.368955095329966,0,True
210,"['4', '7']",2577.4014863827797,14,[2584.4014863827797],[2601.4014863827797],1005.5985136172203,17.0,1022.5985136172203,1,False
211,"['14', '15']",2593.0224077758967,15,[2681.0224077758967],[2687.0224077758967],88.0,6.0,94.0,0,True
212,['9'],2596.973975741656,2,,,1003.026024258344,,,0,False
213,"['13', '7']",2610.4126139216696,B1,[2621.0224077758967],[2647.0224077758967],963.5873860783304,26.0,989.5873860783304,1,False
214,"['B4', '1']",2611.3380218190073,1,[2619.3380218190073],[2637.3380218190073],8.0,18.0,26.0,0,True
215,"['B3', 'B4']",2618.2333506682357,B4,[3044.88798720688],[3050.88798720688],426.65463653864435,6.0,432.65463653864435,0,True
216,"['10', '7']",2641.2742861866736,B3,[2711.0224077758967],[2729.0224077758967],940.7257138133264,18.0,958.7257138133264,1,False
217,"['5', '7']",2670.808150430267,14,[3288.411430783866],[3312.411430783866],905.1918495697332,24.0,929.1918495697332,1,False
218,"['11', '7']",2674.3509845529848,1,[3185.6513196899314],[3208.6513196899314],902.6490154470152,23.0,925.6490154470152,1,False
219,"['5', '7']",2679.2397548425583,15,[3290.411430783866],[3312.411430783866],898.7602451574417,22.0,920.7602451574417,1,False
220,['B1'],2686.9390090843353,11,,,913.0609909156647,,,0,False
221,"['3', '1']",2694.3431281276,1,[2712.3431281276],[2722.3431281276],18.0,10.0,28.0,0,True
222,"['8', '7']",2700.769440008214,7,[2723.0224077758967],[2729.0224077758967],22.25296776768255,6.0,28.25296776768255,0,True
223,"['B3', '1']",2700.824646999731,3,[2729.690349808502],[2743.690349808502],885.1753530002688,14.0,899.1753530002688,1,False
224,['5'],2706.7202479155526,1,[3558.95006135831],,852.2298134427574,41.049938641690005,893.2797520844474,0,False
225,"['B4', '1']",2707.690349808502,1,[2721.690349808502],[2743.690349808502],14.0,22.0,36.0,0,True
226,['12'],2709.859358004809,4,,,890.1406419951909,,,0,False
227,"['3', '1']",2721.8034157224174,B4,[2977.969806100696],[2988.969806100696],867.1965842775826,11.0,878.1965842775826,1,False
228,['7'],2722.6661592866512,B1,,,877.3338407133488,,,0,False
229,['B1'],2727.3805517255764,B3,,,872.6194482744236,,,0,False
230,"['8', '7']",2754.1039280485984,5,[2814.1039280485984],[2820.1039280485984],839.8960719514016,6.0,845.8960719514016,1,False
231,['10'],2822.8219489597077,13,,,777.1780510402923,,,0,False
232,"['5', '4']",2838.4061522088637,4,[3560.95006135831],[3572.95006135831],722.5439091494463,12.0,734.5439091494463,0,True
233,"['3', '1']",2842.024676812573,1,[2978.969806100696],[2988.969806100696],136.9451292881231,10.0,146.9451292881231,0,True
234,"['5', '7']",2857.834489844524,8,[3292.411430783866],[3312.411430783866],722.1655101554761,20.0,742.1655101554761,1,False
235,['7'],2861.577713603301,3,,,738.4222863966988,,,0,False
236,"['B4', '1']",2869.2467442456964,4,[2887.2467442456964],[2905.2467442456964],712.7532557543036,18.0,730.7532557543036,1,False
237,['B1'],2873.6534617078914,13,,,726.3465382921086,,,0,False
238,['9'],2880.385523216343,B1,,,719.6144767836572,,,0,False
239,['5'],2882.099360944068,B1,[3562.95006135831],,680.850700414242,37.049938641690005,717.9006390559321,0,False
240,"['8', '7']",2888.7940470523877,1,[2894.7940470523877],[2900.7940470523877],705.2059529476123,6.0,711.2059529476123,1,False
241,['6'],2909.6814135152526,1,[3534.95006135831],,625.2686478430574,65.04993864169,690.3185864847474,0,False
242,['5'],2917.501543526036,B3,[3563.95006135831],,646.4485178322739,36.049938641690005,682.4984564739639,0,False
243,['1'],2921.696667739871,14,,,678.3033322601291,,,0,False
244,"['4', '7']",2927.969806100696,9,[2942.969806100696],[2956.969806100696],658.0301938993039,14.0,672.0301938993039,1,False
245,"['3', '7']",2948.285491792175,7,[3004.969806100696],[3022.969806100696],56.68431430852115,18.0,74.68431430852115,0,True
246,['B1'],2950.2573763254136,13,,,649.7426236745864,,,0,False
247,"['5', '7']",2951.8661938344517,15,[3293.411430783866],[3312.411430783866],629.1338061655483,19.0,648.1338061655483,1,False
248,"['11', '7']",2958.9207532981795,B1,[3186.6513196899314],[3208.6513196899314],619.0792467018205,22.0,641.0792467018205,1,False
249,['2'],2964.887006509816,B4,[3599.95006135831],,635.0630548484942,0.04993864169000517,635.1129934901842,0,False
250,['1'],2973.899410743658,9,,,626.1005892563421,,,0,False
251,"['8', '14']",2978.570441892311,14,[2984.570441892311],[3010.570441892311],6.0,26.0,32.0,0,True
252,['12'],2993.1517468135717,8,,,606.8482531864283,,,0,False
253,"['5', '6']",3026.549124849328,6,[3295.411430783866],[3304.411430783866],268.86230593453774,9.0,277.86230593453774,0,True
254,"['B3', '1']",3030.88798720688,11,[3059.88798720688],[3073.88798720688],555.1120127931199,14.0,569.1120127931199,1,False
255,"['3', '7']",3041.474613311884,10,[3059.474613311884],[3077.474613311884],540.5253866881162,18.0,558.5253866881162,1,False
256,"['13', '7']",3049.0814610953166,B4,[3055.0814610953166],[3081.0814610953166],524.9185389046834,26.0,550.9185389046834,1,False
257,"['B4', '1']",3067.387559986248,13,[3094.88798720688],[3112.88798720688],514.6124400137519,18.0,532.6124400137519,1,False
258,"['4', '7']",3071.537529524707,11,[3094.474613311884],[3108.474613311884],514.4624704752928,14.0,528.4624704752928,1,False
259,"['6', '4']",3086.332141776594,4,[3535.95006135831],[3572.95006135831],449.6179195817158,37.0,486.6179195817158,0,True
260,"['5', '7']",3090.3006622353414,13,[3296.411430783866],[3312.411430783866],493.6993377646586,16.0,509.6993377646586,1,False
261,"['8', '7']",3093.6542552926303,B4,[3099.6542552926303],[3105.6542552926303],500.3457447073697,6.0,506.3457447073697,1,False
262,"['4', '1']",3096.0454680062194,1,[3126.474613311884],[3140.474613311884],30.429145305664406,14.0,44.429145305664406,0,True
263,"['9', '12']",3125.128420555223,12,[3136.128420555223],[3150.128420555223],11.0,14.0,25.0,0,True
264,"['5', '7']",3130.664273951163,13,[3298.411430783866],[3312.411430783866],455.33572604883693,14.0,469.33572604883693,1,False
265,['5'],3149.563620716928,1,[3564.95006135831],,415.3864406413818,35.049938641690005,450.4363792830718,0,False
266,"['11', '14']",3156.6513196899314,14,[3232.6513196899314],[3246.6513196899314],76.0,14.0,90.0,0,True
267,['9'],3158.0007175631004,4,,,441.99928243689965,,,0,False
268,['1'],3171.820075481034,3,,,428.1799245189659,,,0,False
269,['B1'],3181.934616777792,B4,,,418.06538322220786,,,0,False
270,['11'],3192.3478803000994,6,,,407.6521196999006,,,0,False
271,['9'],3264.20739504754,8,,,335.7926049524599,,,0,False
272,"['3', '5']",3265.411430783866,5,[3276.411430783866],[3286.411430783866],11.0,10.0,21.0,0,True
273,"['15', '7']",3290.815301289019,1,[3296.815301289019],[3330.815301289019],275.18469871098114,34.0,309.18469871098114,1,False
274,['3'],3291.1294543913173,B4,[3589.95006135831],,298.8206069669927,10.049938641690005,308.87054560868273,0,False
275,['6'],3292.9163146206874,1,[3537.95006135831],,245.03374673762255,62.049938641690005,307.08368537931256,0,False
276,['7'],3299.8315641328613,3,,,300.16843586713867,,,0,False
277,"['B3', 'B4']",3300.494563959369,B4,[3315.494563959369],[3321.494563959369],15.0,6.0,21.0,0,True
278,['11'],3310.702498729707,5,,,289.2975012702932,,,0,False
279,['12'],3312.017309596905,B4,,,287.98269040309515,,,0,False
280,['1'],3334.787294180821,14,,,265.21270581917906,,,0,False
281,"['4', '1']",3335.608928493745,1,[3349.608928493745],[3363.608928493745],14.0,14.0,28.0,0,True
282,"['14', '15']",3340.251573654861,15,[3371.251573654861],[3377.251573654861],31.0,6.0,37.0,0,True
283,['B1'],3345.7681015208364,6,,,254.23189847916365,,,0,False
284,"['B4', '1']",3352.046895322828,2,[3361.046895322828],[3379.046895322828],229.95310467717218,18.0,247.95310467717218,1,False
285,['B1'],3399.7536213145627,B3,,,200.24637868543732,,,0,False
286,"['4', '7']",3406.9788016843404,12,[3420.9788016843404],[3434.9788016843404],179.0211983156596,14.0,193.0211983156596,1,False
287,"['B4', '1']",3411.665663897956,15,[3430.665663897956],[3448.665663897956],170.33433610204384,18.0,188.33433610204384,1,False
288,['1'],3458.743415362475,5,,,141.25658463752507,,,0,False
289,['1'],3463.6318167436943,14,,,136.36818325630566,,,0,False
290,['2'],3473.900308533921,B4,,,126.0996914660791,,,0,False
291,"['5', '3']",3492.993567723232,3,[3566.95006135831],[3583.95006135831],73.956493635078,17.0,90.956493635078,0,True
292,"['6', '3']",3498.1333779089537,3,[3539.95006135831],[3583.95006135831],41.81668344935633,44.0,85.81668344935633,0,True
293,['11'],3512.9204729813655,B1,,,87.07952701863451,,,0,False
294,"['B4', '1']",3513.018320781304,3,[3531.018320781304],[3549.018320781304],68.98167921869617,18.0,86.98167921869617,1,False
295,['6'],3519.95006135831,11,,,80.04993864169,,,0,False
296,['6'],3531.254290622142,B4,[3541.95006135831],,10.695770736168015,58.049938641690005,68.74570937785802,0,False
297,['9'],3532.0210710450892,1,,,67.97892895491077,,,0,False
298,['4'],3560.6688664880116,1,[3577.95006135831],,17.28119487029835,22.049938641690005,39.331133511988355,0,False
299,['1'],3568.154051144277,14,,,31.84594885572278,,,0,False
300,['6'],3570.024692067856,1,,,29.975307932144005,,,0,False
301,['12'],3575.8186725414043,11,,,24.18132745859566,,,0,False
=======
1,"['12', '5', '3']",45.95246624608481,3,"[90.84635030275116, 143.84635030275115]","[124.84635030275116, 153.84635030275115]",63.89388405666634,44.0,107.89388405666634,1,True
2,"['13', '7']",47.84635030275116,7,[82.84635030275116],[112.84635030275116],35.0,30.0,65.0,0,True
3,"['B1', '1', '5', '15']",53.19069985029287,15,"[68.19069985029287, 277.76717169766084, 342.76717169766084]","[74.19069985029287, 296.76717169766084, 394.76717169766084]",264.576471847368,77.0,341.576471847368,2,True
4,"['5', '7']",55.738151958326156,7,[126.84635030275116],[140.84635030275115],71.108198344425,13.999999999999986,85.10819834442499,0,True
5,"['5', '8', '9']",56.50326350582726,9,"[128.84635030275115, 157.8415792341953]","[149.84635030275115, 163.8415792341953]",80.33831572836804,27.0,107.33831572836804,1,True
6,"['7', '15']",62.026413721920264,15,[143.84635030275115],[180.84635030275115],81.81993658083088,37.0,118.81993658083088,0,True
7,"['15', '7']",93.78078653807835,7,[184.84635030275115],[228.76717169766087],91.0655637646728,43.92082139490972,134.98638515958254,0,True
8,"['11', '5', '1']",98.46581066582772,1,"[1897.7647912181912, 1957.660273227072]","[1937.7647912181912, 1983.660273227072]",1819.194462561244,66.0,1885.194462561244,1,True
9,"['5', '15']",123.12331422313096,15,[130.84635030275115],[180.84635030275115],7.7230360796201865,50.0,57.72303607962019,0,True
10,"['10', '8', '5']",139.8415792341953,5,"[145.8415792341953, 222.76717169766087]","[155.8415792341953, 240.76717169766087]",72.92559246346556,28.0,100.92559246346556,1,True
11,"['5', '13']",167.86638532137545,13,[245.76717169766087],[279.76717169766084],77.90078637628542,33.99999999999997,111.9007863762854,0,True
12,"['B4', '1']",187.56435463843508,1,[205.56435463843508],[223.56435463843508],18.0,18.0,36.0,0,True
13,"['14', '5', '1']",192.76717169766087,1,"[194.76717169766087, 255.76717169766087]","[240.76717169766087, 273.76717169766084]",17.0,63.99999999999997,80.99999999999997,1,True
14,"['B1', 'B3']",205.6264953293599,B3,[445.01674038203413],[456.01674038203413],239.39024505267423,11.0,250.39024505267423,0,True
15,"['14', '5', '1', 'B1']",223.8419606336811,B1,"[289.76717169766084, 383.01674038203413, 435.01674038203413]","[335.76717169766084, 414.01674038203413, 441.01674038203413]",134.17477974835302,83.0,217.17477974835302,2,True
16,"['1', '5', '15']",245.91038136085672,15,"[278.76717169766084, 340.76717169766084]","[296.76717169766084, 394.76717169766084]",76.85679033680412,72.0,148.85679033680412,1,True
17,"['6', '5', '4']",249.46741903047456,4,"[325.76717169766084, 381.01674038203413]","[335.76717169766084, 389.01674038203413]",121.54932135155957,18.0,139.54932135155957,1,True
18,"['11', '5', '1', 'B1']",262.9980212030812,B1,"[1899.7647912181912, 1955.660273227072, 2012.660273227072]","[1937.7647912181912, 1983.660273227072, 2027.660273227072]",1683.6622520239907,81.0,1764.6622520239907,2,True
19,"['6', '5', '2']",292.49426161805695,2,"[327.76717169766084, 380.01674038203413]","[335.76717169766084, 407.01674038203413]",79.52247876397718,35.0,114.52247876397718,1,True
20,"['5', '7']",292.496677993785,7,[339.76717169766084],[352.76717169766084],47.27049370387584,13.0,60.27049370387584,0,True
21,"['6', '5', '3']",323.6590099389497,3,"[329.76717169766084, 379.01674038203413]","[335.76717169766084, 399.01674038203413]",49.35773044308445,26.0,75.35773044308445,1,True
22,"['2', '5', '15']",330.7541205346067,15,"[362.01674038203413, 454.4276164474184]","[376.01674038203413, 501.4276164474184]",109.67349591281169,61.0,170.6734959128117,1,True
23,"['7', '8', '9']",331.8106724984027,9,"[356.76717169766084, 371.76717169766084]","[362.76717169766084, 377.76717169766084]",33.95649919925813,12.0,45.95649919925813,1,True
24,"['3', '1', 'B3']",333.01674038203413,B3,"[343.01674038203413, 358.01674038203413]","[353.01674038203413, 378.4746992736147]",15.0,30.457958891580574,45.457958891580574,1,True
25,"['3', '5']",343.69879664568356,5,[1036.9055433943222],[1048.9055433943222],693.2067467486386,12.0,705.2067467486386,0,True
26,"['1', 'B4']",361.4746992736147,B4,[364.4746992736147],[386.4746992736147],3.0,22.0,25.0,0,True
27,"['4', '1']",366.5048830357381,1,[393.01674038203413],[414.01674038203413],26.51185734629604,21.0,47.51185734629604,0,True
28,"['B1', '1', '5', '15']",396.1634281942406,15,"[481.01674038203413, 495.4276164474184, 563.0459416748045]","[487.01674038203413, 517.0459416748045, 618.0459416748045]",139.2641882531778,82.61832522738604,221.88251348056383,2,True
29,['15'],397.42766037045936,9,,,14002.57233962954,,,0,False
30,"['1', '5', '7']",405.08698015551124,7,"[494.4276164474184, 564.0459416748045]","[517.0459416748045, 575.0459416748045]",136.34063629190717,33.61832522738604,169.9589615192932,1,True
31,"['9', '8', '5', '1']",405.4276164474184,1,"[407.4276164474184, 434.4276164474184, 472.4276164474184]","[413.4276164474184, 451.4276164474184, 490.4276164474184]",44.0,41.0,85.0,2,True
32,"['7', '5', '1']",405.5617721014852,1,"[441.4276164474184, 471.4276164474184]","[451.4276164474184, 490.4276164474184]",55.865844345933226,29.0,84.86584434593323,1,True
33,"['B1', 'B4']",408.0357206910438,B4,[446.01674038203413],[464.01674038203413],37.98101969099031,18.0,55.98101969099031,0,True
34,"['5', '14']",432.18265951445824,14,[456.4276164474184],[494.4276164474184],24.24495693296018,38.0,62.24495693296018,0,True
35,"['3', '5']",447.76993836686137,5,[1038.9055433943222],[1048.9055433943222],591.1356050274608,10.0,601.1356050274608,0,True
36,"['B1', 'B4']",459.1904441851513,B4,[497.01674038203413],[511.01674038203413],37.82629619688282,14.0,51.82629619688282,0,True
37,['14'],460.33865085775125,7,,,13939.661349142249,,,0,False
38,"['1', 'B4']",473.5350458196881,B4,[534.6180575529552],[552.6180575529552],61.083011733267085,18.0,79.08301173326709,0,True
39,['B4'],473.81509450164236,7,,,13926.184905498358,,,0,False
40,"['8', '11']",484.61733832365616,11,[709.3063797211374],[723.3063797211374],224.68904139748128,14.0,238.68904139748128,0,True
41,"['5', '1', 'B3']",493.059282424626,B3,"[649.1281589174047, 687.1281589174047]","[667.1281589174047, 701.1281589174047]",176.06887649277866,32.0,208.06887649277866,1,True
42,"['4', '5', '11']",509.04594167480445,11,"[511.04594167480445, 561.0459416748045]","[517.0459416748045, 594.0459416748045]",46.0,39.0,85.0,1,True
43,"['1', '5', '15']",516.6180575529552,15,"[1019.9055433943222, 1153.0003735500175]","[1048.9055433943222, 1217.0003735500175]",607.3823159970623,93.0,700.3823159970623,1,True
44,"['5', '13']",519.6634537605054,13,[565.0459416748045],[606.0459416748045],45.38248791429908,41.0,86.38248791429908,0,True
45,"['B3', '1', '3']",533.5993438344128,3,"[710.5993438344128, 1020.9055433943222]","[724.5993438344128, 1034.9055433943222]",473.3061995599094,28.0,501.3061995599094,1,True
46,"['6', '13']",582.2394612703904,13,[693.3063797211374],[736.3063797211374],111.06691845074704,43.0,154.06691845074704,0,True
47,"['4', '5', '8', '9']",585.8731012342686,9,"[591.8731012342686, 681.3063797211374, 717.3063797211374]","[597.8731012342686, 703.3063797211374, 723.3063797211374]",103.43327848686886,34.0,137.43327848686886,2,True
48,"['6', '5']",598.1489396447939,5,[671.3063797211374],[677.3063797211374],73.1574400763435,6.0,79.1574400763435,0,True
49,"['2', '1']",607.1281589174047,1,[621.1281589174047],[627.1281589174047],14.0,6.0,20.0,0,True
50,['B4'],612.0343017405146,6,,,13787.965698259486,,,0,False
51,"['5', '8']",612.1552868540377,8,[683.3063797211374],[703.3063797211374],71.15109286709969,20.0,91.15109286709969,0,True
52,"['9', '8', '5', '1', 'B3']",612.3063797211374,B3,"[619.3063797211374, 654.3063797211374, 700.3063797211374, 774.7227539400187]","[625.3063797211374, 677.3063797211374, 724.7227539400187, 796.7227539400187]",109.0,75.41637421888129,184.4163742188813,3,True
53,"['8', '7']",617.37020489756,7,[652.3063797211374],[660.3063797211374],34.9361748235774,8.0,42.9361748235774,0,True
54,"['11', '5', '1']",635.5172418415094,1,"[1900.7647912181912, 1953.660273227072]","[1937.7647912181912, 1983.660273227072]",1281.1430313855626,67.0,1348.1430313855626,1,True
55,"['12', '5', '1', 'B4']",640.6115389852015,B4,"[745.3063797211374, 798.3063797211374, 836.3063797211374]","[777.3063797211374, 816.3063797211374, 860.3063797211374]",145.69484073593594,74.0,219.69484073593594,2,True
56,"['7', '5', '1', 'B4']",649.9548664826524,B4,"[664.3063797211374, 699.3063797211374, 775.7227539400187]","[677.3063797211374, 724.7227539400187, 804.7227539400187]",87.35151323848504,67.41637421888129,154.76788745736633,2,True
57,"['5', '8']",653.142829627566,8,[684.3063797211374],[703.3063797211374],31.163550093571416,19.0,50.163550093571416,0,True
58,"['5', '11']",664.6794529276868,11,[686.3063797211374],[723.3063797211374],21.626926793450593,37.0,58.62692679345059,0,True
59,"['11', '5', '1']",678.5175428305315,1,"[1901.7647912181912, 1952.660273227072]","[1937.7647912181912, 1983.660273227072]",1238.1427303965404,67.0,1305.1427303965404,1,True
60,"['1', 'B3']",694.9209442974947,B3,[771.7227539400187],[796.7227539400187],76.80180964252406,25.0,101.80180964252406,0,True
61,"['2', '5', '7']",708.4454800255868,7,"[732.7227539400187, 1148.0003735500175]","[746.7227539400187, 1169.0003735500175]",425.55489352443067,35.0,460.55489352443067,1,True
62,"['3', '1', 'B1']",711.7227539400187,B1,"[714.7227539400187, 772.7227539400187]","[724.7227539400187, 783.7227539400187]",51.0,21.0,72.0,1,True
63,"['4', '1', 'B1']",723.0606803825106,B1,"[754.7227539400187, 777.7227539400187]","[768.7227539400187, 783.7227539400187]",40.662073557508165,20.0,60.662073557508165,1,True
64,"['1', '5']",727.9148305444376,5,[1022.9055433943222],[1048.9055433943222],294.99071284988463,26.0,320.99071284988463,0,True
65,"['12', '5', '1', 'B1']",739.3559535041345,B1,"[747.3063797211374, 797.3063797211374, 838.3063797211374]","[777.3063797211374, 816.3063797211374, 844.3063797211374]",49.95042621700293,55.0,104.95042621700293,2,True
66,['B4'],761.2100010556967,5,,,13638.789998944303,,,0,False
67,"['11', '5', '1']",774.7040670088732,1,"[1903.7647912181912, 1950.660273227072]","[1937.7647912181912, 1983.660273227072]",1141.9562062181988,67.0,1208.9562062181988,1,True
68,"['5', '3']",800.4174436590504,3,[981.8822449619809],[991.8822449619809],181.46480130293048,10.0,191.46480130293048,0,True
69,"['4', '5', '7']",818.9132966754936,7,"[1355.1729922917357, 1406.1729922917357]","[1361.1729922917357, 1416.1729922917357]",581.2596956162421,16.0,597.2596956162421,1,True
70,['15'],825.0220160252807,1,,,13574.977983974719,,,0,False
71,['14'],838.0910696804154,B1,,,13561.908930319585,,,0,False
72,"['8', '9']",847.022358523307,9,[854.022358523307],[860.022358523307],7.0,6.0,13.0,0,True
73,"['2', '1', 'B1']",850.291095488519,B1,"[857.291095488519, 888.3063797211374]","[863.291095488519, 894.3063797211374]",32.015284232618455,12.0,44.015284232618455,1,True
74,"['B1', '1']",854.2023507438537,1,[878.3063797211374],[884.3063797211374],24.104028977283747,6.0,30.104028977283747,0,True
75,"['11', '5', '1']",857.8235771619669,1,"[1905.7647912181912, 1949.660273227072]","[1937.7647912181912, 1983.660273227072]",1059.8366960651051,66.0,1125.8366960651051,1,True
76,['B4'],876.925362675385,5,,,13523.074637324615,,,0,False
77,"['14', '15']",901.5325595400226,15,[1093.0003735500175],[1101.0003735500175],191.46781400999487,8.0,199.46781400999487,0,True
78,"['2', '1', 'B4']",909.9743282376903,B4,"[1743.9599106104147, 1769.9599106104147]","[1749.9599106104147, 1787.9599106104147]",853.9855823727244,24.0,877.9855823727244,1,True
79,['9'],913.1626139300242,1,,,13486.837386069976,,,0,False
80,"['5', '15']",915.608670447907,15,[1149.0003735500175],[1217.0003735500175],233.39170310211045,68.0,301.39170310211045,0,True
81,"['6', '5']",935.5866709924389,5,[941.5866709924389],[947.5866709924389],6.0,6.0,12.0,0,True
82,"['7', '5']",955.1214188448797,5,[966.1214188448797],[976.1214188448797],11.0,10.0,21.0,0,True
83,['14'],955.5358403067945,10,,,13444.464159693205,,,0,False
84,"['5', '6']",962.8822449619809,6,[1150.0003735500175],[1161.0003735500175],187.1181285880366,11.0,198.1181285880366,0,True
85,['B4'],963.0406164743711,14,,,13436.95938352563,,,0,False
86,"['9', '11']",963.4544947855537,11,[2398.4949577715424],[2408.4949577715424],1435.0404629859886,10.0,1445.0404629859886,0,True
87,"['B3', 'B4']",969.9055433943222,B4,[979.9055433943222],[985.9055433943222],10.0,6.0,16.0,0,True
88,"['B1', '1', '5', '8']",977.4538706579079,8,"[1002.9055433943222, 1024.9055433943222, 1152.0003735500175]","[1008.9055433943222, 1048.9055433943222, 1177.0003735500175]",144.54650289210952,55.0,199.54650289210952,2,True
89,['B4'],979.7413518387904,9,,,13420.258648161209,,,0,False
90,"['14', '15']",997.6584890366414,15,[1095.0003735500175],[1101.0003735500175],97.34188451337604,6.0,103.34188451337604,0,True
91,"['1', 'B4']",1024.8635186859374,B4,[1026.8635186859374],[1044.8635186859374],2.0,18.0,20.0,0,True
92,"['5', '1', 'B4']",1027.735185544213,B4,"[1057.9055433943222, 1101.9055433943222]","[1081.9055433943222, 1119.9055433943222]",50.17035785010921,42.0,92.17035785010921,1,True
93,"['8', '10']",1043.9915158392052,10,[1187.0003735500175],[1197.0003735500175],143.0088577108122,10.0,153.0088577108122,0,True
94,"['5', '13']",1044.7619309042384,13,[1151.0003735500175],[1201.0003735500175],106.23844264577906,50.0,156.23844264577906,0,True
95,"['4', '3']",1047.1791999057407,3,[1064.9055433943222],[1070.9055433943222],17.726343488581506,6.0,23.726343488581506,0,True
96,"['13', '14']",1048.0003735500175,14,[1083.0003735500175],[1089.0003735500175],35.0,6.0,41.0,0,True
97,['9'],1091.6965841170716,8,,,13308.303415882929,,,0,False
98,"['5', '14']",1099.3575018904792,14,[1155.0003735500175],[1209.0003735500175],55.64287165953829,54.0,109.64287165953829,0,True
99,"['10', '8', '7']",1118.468767078224,7,"[1124.468767078224, 2393.9271935140223]","[1134.468767078224, 2403.9271935140223]",1265.4584264357984,20.0,1285.4584264357984,1,True
100,['15'],1121.4217519193678,14,,,13278.578248080632,,,0,False
101,"['B1', '1', '5', '6']",1136.4223866174932,6,"[1151.4223866174932, 1161.4223866174932, 1271.0003735500175]","[1157.4223866174932, 1186.0874870873772, 1277.0003735500175]",103.91288646264024,36.66510046988401,140.57798693252425,2,True
102,"['12', '5', '1', 'B4']",1138.2240804385283,B4,"[1237.0003735500175, 1279.0003735500175, 1303.0003735500175]","[1267.0003735500175, 1297.0003735500175, 1325.0003735500175]",116.77629311148917,70.0,186.77629311148917,2,True
103,"['B1', 'B3']",1142.9425755363222,B3,[1167.4223866174932],[1177.4223866174932],24.479811081170965,10.0,34.479811081170965,0,True
104,"['1', '5', '15']",1165.0874870873772,15,"[1168.0874870873772, 1269.0003735500175]","[1186.0874870873772, 1317.0003735500175]",85.91288646264024,66.0,151.91288646264024,1,True
105,['9'],1173.7994279777058,2,,,13226.200572022295,,,0,False
106,"['4', '1', 'B1']",1183.9597596864123,B1,"[1195.0874870873772, 1301.0003735500175]","[1209.0874870873772, 1309.0003735500175]",103.04061386360513,22.0,125.04061386360513,1,True
107,['15'],1200.9147205391976,B1,,,13199.085279460802,,,0,False
108,"['B1', '1', '3']",1201.3834717651844,3,"[1211.3834717651844, 1220.3834717651844]","[1217.3834717651844, 1230.3834717651844]",13.0,16.0,29.0,1,True
109,"['6', '5', '1']",1210.417612251591,1,"[2423.9271935140223, 2517.162826452095]","[2434.9271935140223, 2555.162826452095]",1295.745214200504,49.0,1344.745214200504,1,True
110,['13'],1214.8561593963861,5,,,13185.143840603614,,,0,False
111,"['8', '5', '1', 'B1']",1219.648033779982,B1,"[2394.9271935140223, 2530.162826452095, 2585.162826452095]","[2434.9271935140223, 2555.162826452095, 2599.162826452095]",1300.5147926721131,79.0,1379.5147926721131,2,True
112,"['6', '5', '1']",1244.3947104508059,1,"[2425.9271935140223, 2515.162826452095]","[2434.9271935140223, 2555.162826452095]",1261.7681160012892,49.0,1310.7681160012892,1,True
113,"['11', '5', '1', 'B1']",1251.117659402761,B1,"[1907.7647912181912, 1947.660273227072, 2014.660273227072]","[1937.7647912181912, 1983.660273227072, 2027.660273227072]",697.5426138243108,79.0,776.5426138243108,2,True
114,"['B3', '1', '3']",1259.2164497328604,3,"[1281.2164497328604, 1444.3464399017712]","[1295.2164497328604, 1458.3464399017712]",171.1299901689108,28.0,199.1299901689108,1,True
115,"['1', '5', '14']",1287.8046974604144,14,"[1443.3464399017712, 1486.3464399017712]","[1473.3464399017712, 1524.3464399017712]",168.54174244135675,68.0,236.54174244135675,1,True
116,"['13', '14']",1303.8962266952901,14,[1683.6098797065902],[1689.6098797065902],379.71365301130004,6.0,385.71365301130004,0,True
117,"['7', '5', '1']",1334.4825337361312,1,"[2407.9271935140223, 2526.162826452095]","[2434.9271935140223, 2555.162826452095]",1164.6802927159638,56.0,1220.6802927159638,1,True
118,"['4', '1', 'B4']",1341.1729922917357,B4,"[1371.1729922917357, 1705.658863884571]","[1391.376889726121, 1734.658863884571]",344.2819741584501,49.203897434385226,393.48587159283534,1,True
119,['B4'],1366.2148813977424,B1,,,13033.785118602258,,,0,False
120,"['11', '5', '2']",1369.3337107782597,2,"[1908.7647912181912, 1946.660273227072]","[1937.7647912181912, 1975.660273227072]",548.3265624488122,58.0,606.3265624488122,1,True
121,"['3', '5']",1374.5018086603657,5,[1404.376889726121],[1414.376889726121],29.87508106575524,10.0,39.87508106575524,0,True
122,"['B1', '1', '4']",1377.8360179388333,4,"[1392.8360179388333, 1446.3464399017712]","[1400.8360179388333, 1466.3464399017712]",60.510421962937926,28.0,88.51042196293793,1,True
123,"['3', '1', 'B4']",1379.376889726121,B4,"[1381.376889726121, 1704.658863884571]","[1391.376889726121, 1734.658863884571]",315.2819741584501,40.0,355.2819741584501,1,True
124,"['B1', '1']",1389.7901663461894,1,[1394.8360179388333],[1400.8360179388333],5.045851592643885,6.0,11.045851592643885,0,True
125,['14'],1392.883333414144,4,,,13007.116666585856,,,0,False
126,['10'],1399.7709437656797,8,,,13000.22905623432,,,0,False
127,"['2', '5', '12']",1405.6489098261513,12,"[2235.4949577715424, 2285.4949577715424]","[2251.4949577715424, 2319.4949577715424]",863.8460479453911,50.0,913.8460479453911,1,True
128,"['5', '1', 'B1']",1412.074233534784,B1,"[1418.376889726121, 1706.658863884571]","[1436.376889726121, 1717.658863884571]",276.58463034978695,29.0,305.58463034978695,1,True
129,"['7', '5', '1', 'B4']",1413.8956444462638,B4,"[2409.9271935140223, 2524.162826452095, 2588.162826452095]","[2434.9271935140223, 2555.162826452095, 2620.162826452095]",1118.2671820058313,88.0,1206.2671820058313,2,True
130,"['B1', '1', '5']",1427.3464399017712,5,"[1433.3464399017712, 1448.3464399017712]","[1439.3464399017712, 1473.3464399017712]",15.0,31.0,46.0,1,True
131,['13'],1428.0028089428708,11,,,12971.99719105713,,,0,False
132,"['1', 'B1']",1490.3907605601366,B1,[1708.658863884571],[1717.658863884571],218.26810332443438,9.0,227.26810332443438,0,True
133,['B4'],1490.8955703765466,6,,,12909.104429623454,,,0,False
134,['9'],1525.502077644189,1,,,12874.497922355811,,,0,False
135,"['1', '5', '7']",1548.5360322540648,7,"[1790.7647912181912, 1854.7647912181912]","[1810.7647912181912, 1864.7647912181912]",286.2287589641264,30.0,316.2287589641264,1,True
136,"['2', '5', '13']",1549.314429326815,13,"[2236.4949577715424, 2283.4949577715424]","[2251.4949577715424, 2327.4949577715424]",719.1805284447275,59.0,778.1805284447275,1,True
137,"['B1', '1', '5', '11']",1572.8177893343159,11,"[2653.914592359722, 2683.914592359722, 2730.1010620683423]","[2663.914592359722, 2709.914592359722, 2777.1010620683423]",1121.2832727340265,83.0,1204.2832727340265,2,True
138,"['3', '1', 'B4']",1582.054505150025,B4,"[1593.054505150025, 1710.658863884571]","[1603.054505150025, 1734.658863884571]",118.60435873454594,34.0,152.60435873454594,1,True
139,"['11', '5', '1', 'B1']",1583.951734334691,B1,"[1909.7647912181912, 1944.660273227072, 2016.660273227072]","[1937.7647912181912, 1983.660273227072, 2027.660273227072]",365.70853889238083,78.0,443.70853889238083,2,True
140,"['11', '5', '1', 'B1']",1606.3390755884388,B1,"[1910.7647912181912, 1942.660273227072, 2017.660273227072]","[1937.7647912181912, 1983.660273227072, 2027.660273227072]",343.32119763863307,78.0,421.32119763863307,2,True
141,"['8', '5', '3']",1612.6936745471223,3,"[2395.9271935140223, 2528.162826452095]","[2434.9271935140223, 2542.162826452095]",876.4691519049727,53.0,929.4691519049727,1,True
142,['B3'],1637.8408824967873,1,,,12762.159117503212,,,0,False
143,"['7', '5', '3']",1638.4600107098531,3,"[2410.9271935140223, 2523.162826452095]","[2434.9271935140223, 2542.162826452095]",860.7028157422419,43.0,903.7028157422419,1,True
144,"['3', '5', '7']",1656.7646218910531,7,"[1667.7646218910531, 1852.7647912181912]","[1677.7646218910531, 1864.7647912181912]",186.0001693271381,22.0,208.0001693271381,1,True
145,['9'],1658.0684303394937,13,,,12741.931569660506,,,0,False
146,"['12', '13']",1662.6098797065902,13,[1673.6098797065902],[1679.6098797065902],11.0,6.0,17.0,0,True
147,['15'],1671.3147223967399,B4,,,12728.685277603261,,,0,False
148,"['4', '1', 'B1']",1681.658863884571,B1,"[1687.658863884571, 1711.658863884571]","[1701.658863884571, 1717.658863884571]",16.0,20.0,36.0,1,True
149,['B4'],1687.979121701682,5,,,12712.020878298317,,,0,False
150,"['5', '2']",1707.9599106104147,2,[1726.9599106104147],[1740.9599106104147],19.0,14.0,33.0,0,True
151,"['7', '5']",1710.72829461827,5,[2412.9271935140223],[2434.9271935140223],702.1988988957523,22.0,724.1988988957523,0,True
152,['10'],1714.338087914044,4,,,12685.661912085956,,,0,False
153,"['5', '1', 'B1']",1753.7543817360756,B1,"[1937.660273227072, 2021.660273227072]","[1983.660273227072, 2027.660273227072]",221.90589149099628,52.0,273.9058914909963,1,True
154,"['1', '5']",1787.7647912181912,5,[1792.7647912181912],[1810.7647912181912],5.0,18.0,23.0,0,True
155,"['11', '5', '4']",1808.2653013567813,4,"[1911.7647912181912, 1941.660273227072]","[1937.7647912181912, 1963.660273227072]",107.39497187029065,48.0,155.39497187029065,1,True
156,['B4'],1812.6391485414447,9,,,12587.360851458556,,,0,False
157,"['1', 'B3']",1826.3637151628293,B3,[2011.660273227072],[2044.660273227072],185.29655806424262,33.0,218.29655806424262,0,True
158,"['12', '11']",1831.196920799803,11,[1889.7647912181912],[1895.7647912181912],58.56787041838834,6.0,64.56787041838834,0,True
159,['14'],1838.500386068892,B4,,,12561.499613931108,,,0,False
160,"['7', '5', '1']",1858.4015821686617,1,"[2414.9271935140223, 2521.162826452095]","[2434.9271935140223, 2555.162826452095]",642.7612442834334,54.0,696.7612442834334,1,True
161,['13'],1868.153699862513,9,,,12531.846300137488,,,0,False
162,"['6', '5', '1', 'B1']",1902.483447047824,B1,"[2426.9271935140223, 2513.162826452095, 2591.162826452095]","[2434.9271935140223, 2555.162826452095, 2599.162826452095]",638.679379404271,58.0,696.679379404271,2,True
163,['9'],1906.0829682334154,B1,,,12493.917031766585,,,0,False
164,"['11', '15']",1914.235768966948,15,[1966.7647912181912],[1991.7647912181912],52.529022251243305,25.0,77.5290222512433,0,True
165,['10'],1931.3029482553004,12,,,12468.697051744699,,,0,False
166,"['5', '1', 'B4']",1935.660273227072,B4,"[1939.660273227072, 2019.660273227072]","[1983.660273227072, 2052.660273227072]",40.0,77.00000000000023,117.00000000000023,1,True
167,['B4'],1946.7431028144379,1,,,12453.256897185562,,,0,False
168,"['12', '14']",1948.9544743178935,14,[1974.7647912181912],[1984.7647912181912],25.81031690029772,10.0,35.81031690029772,0,True
169,"['3', '1', 'B4']",1991.3344822913864,B4,"[2545.162826452095, 2583.162826452095]","[2555.162826452095, 2620.162826452095]",581.8283441607086,47.0,628.8283441607086,1,True
170,"['5', '4']",2029.423852331423,4,[2047.423852331423],[2053.423852331423],18.0,6.0,24.0,0,True
171,['11'],2035.985024200467,1,,,12364.014975799533,,,0,False
172,"['B1', '1', '5', '8', '9']",2041.9473100169707,9,"[2654.914592359722, 2682.914592359722, 2732.1010620683423, 2784.1010620683423]","[2663.914592359722, 2709.914592359722, 2759.1010620683423, 2791.1010620683423]",679.1537520513716,70.0,749.1537520513716,3,True
173,"['8', '5', '1', 'B1']",2059.5530093186426,B1,"[2396.9271935140223, 2527.162826452095, 2587.162826452095]","[2434.9271935140223, 2555.162826452095, 2599.162826452095]",461.60981713345245,78.0,539.6098171334525,2,True
174,"['1', '5', '12']",2062.6649491552066,12,"[2077.6649491552066, 2139.6649491552066]","[2095.6649491552066, 2169.6649491552066]",59.0,48.0,107.0,1,True
175,['13'],2065.18384626987,B4,,,12334.81615373013,,,0,False
176,"['5', '1', 'B1']",2066.362548482398,B1,"[2351.2590202421416, 2389.2590202421416]","[2370.2590202421416, 2395.2590202421416]",303.8964717597437,25.0,328.8964717597437,1,True
177,['9'],2086.8911058942826,4,,,12313.108894105717,,,0,False
178,['B4'],2088.0936429022363,6,,,12311.906357097763,,,0,False
179,['B4'],2091.354826900668,2,,,12308.645173099332,,,0,False
180,"['1', 'B1']",2113.198480456307,B1,[2131.198480456307],[2137.198480456307],18.0,6.0,24.0,0,True
181,['11'],2116.3090651451926,B1,,,12283.690934854807,,,0,False
182,['14'],2129.457539729471,B1,,,12270.542460270528,,,0,False
183,['B4'],2132.4506083221722,9,,,12267.549391677829,,,0,False
184,['14'],2176.6550096299484,B1,,,12223.344990370051,,,0,False
185,['13'],2185.426980388365,B1,,,12214.573019611635,,,0,False
186,['12'],2188.1125305864866,8,,,12211.887469413514,,,0,False
187,"['B1', '1', '5', '15']",2194.330519124057,15,"[2655.914592359722, 2680.914592359722, 2733.1010620683423]","[2663.914592359722, 2709.914592359722, 2806.1010620683423]",501.77054294428535,110.0,611.7705429442854,2,True
188,['B4'],2202.799382360992,5,,,12197.200617639008,,,0,False
189,"['2', '5', '8', '10']",2220.4949577715424,10,"[2237.4949577715424, 2282.4949577715424, 2315.4949577715424]","[2251.4949577715424, 2299.4949577715424, 2325.4949577715424]",64.0,41.0,105.0,2,True
190,['B4'],2234.7453362182246,14,,,12165.254663781776,,,0,False
191,"['2', '1', 'B3']",2239.2386902520257,B3,"[2267.4949577715424, 2281.4949577715424]","[2273.4949577715424, 2295.4949577715424]",36.25626751951677,20.0,56.25626751951677,1,True
192,['9'],2249.815782460151,B4,,,12150.184217539849,,,0,False
193,['11'],2260.3032152261494,B1,,,12139.69678477385,,,0,False
194,"['1', '5', '8', '9']",2262.5146471872413,9,"[2277.4949577715424, 2363.4949577715424, 2389.4949577715424]","[2295.4949577715424, 2377.4949577715424, 2395.4949577715424]",94.98031058430115,38.0,132.98031058430115,2,True
195,"['7', '5', '1', 'B1']",2270.237316994352,B1,"[2415.9271935140223, 2519.162826452095, 2590.162826452095]","[2434.9271935140223, 2555.162826452095, 2599.162826452095]",264.9255094577429,64.0,328.9255094577429,2,True
196,['B3'],2270.8635767210844,1,,,12129.136423278916,,,0,False
197,['15'],2295.6931007483167,1,,,12104.306899251684,,,0,False
198,"['1', '5', '14']",2296.0316843282335,14,"[2418.4644112304923, 2598.1010620683423]","[2438.4644112304923, 2667.1010620683423]",282.06937774010885,89.0,371.06937774010885,1,True
199,"['B1', '1', '5', '7']",2296.1264860396823,7,"[2656.914592359722, 2679.914592359722, 2735.1010620683423]","[2663.914592359722, 2709.914592359722, 2750.1010620683423]",401.97457602866007,52.0,453.97457602866007,2,True
200,"['8', '6']",2314.0487635463915,6,[2397.9271935140223],[2421.9271935140223],83.87842996763084,24.0,107.87842996763084,0,True
201,"['B1', '1', '5', '6']",2322.7556060045235,6,"[2657.914592359722, 2678.914592359722, 2736.1010620683423]","[2663.914592359722, 2709.914592359722, 2742.1010620683423]",376.3454560638188,43.0,419.3454560638188,2,True
202,"['6', '5', '1', 'B1']",2340.3027822479885,B1,"[2428.9271935140223, 2512.162826452095, 2593.162826452095]","[2434.9271935140223, 2555.162826452095, 2599.162826452095]",203.86004420410654,55.0,258.86004420410654,2,True
203,"['5', '1', 'B4']",2349.2590202421416,B4,"[2352.2590202421416, 2387.2590202421416]","[2370.2590202421416, 2410.2590202421416]",20.0,41.0,61.0,1,True
204,"['14', '15']",2381.056498576189,15,[2672.1010620683423],[2678.1010620683423],291.04456349215343,6.0,297.04456349215343,0,True
205,"['4', '1']",2387.4644112304923,1,[2401.4644112304923],[2415.4644112304923],14.0,14.0,28.0,0,True
206,"['8', '14']",2391.9271935140223,14,[2628.1010620683423],[2667.1010620683423],236.17386855432005,39.0,275.17386855432005,0,True
207,['9'],2392.274239250287,1,,,12007.725760749712,,,0,False
208,['B4'],2393.2217064472534,5,,,12006.778293552747,,,0,False
209,"['5', '8']",2400.7838960458603,8,[2594.1010620683423],[2624.1010620683423],193.31716602248207,30.0,223.31716602248207,0,True
210,"['1', '5', '6']",2404.5929854324304,6,"[2420.4644112304923, 2596.1010620683423]","[2438.4644112304923, 2608.1010620683423]",173.50807663591195,30.0,203.50807663591195,1,True
211,['12'],2414.826869581326,B1,,,11985.173130418674,,,0,False
212,['15'],2435.65638322862,4,,,11964.34361677138,,,0,False
213,"['9', '11']",2490.992604399082,11,[2659.1010620683423],[2669.1010620683423],168.10845766926013,10.0,178.10845766926013,0,True
214,"['6', '5', '1']",2496.162826452095,1,"[2502.162826452095, 2532.162826452095]","[2508.162826452095, 2555.162826452095]",30.0,29.0,59.0,1,True
215,['B4'],2504.657387365648,B3,,,11895.342612634351,,,0,False
216,"['5', '7']",2504.8272318251757,7,[2600.1010620683423],[2616.1010620683423],95.27383024316669,16.0,111.27383024316669,0,True
217,"['5', '8', '9']",2521.6776682831983,9,"[2601.1010620683423, 2650.1010620683423]","[2624.1010620683423, 2656.1010620683423]",105.42339378514407,29.0,134.42339378514407,1,True
218,"['2', '1', 'B3']",2527.0784070792465,B3,"[2892.1010620683423, 2906.1010620683423]","[2900.1010620683423, 2921.1010620683423]",371.0226549890958,23.0,394.0226549890958,1,True
219,"['8', '12']",2563.328775718366,12,[2629.1010620683423],[2650.1010620683423],65.77228634997618,21.0,86.77228634997618,0,True
220,"['4', '5', '11']",2568.1010620683423,11,"[2583.1010620683423, 2602.1010620683423]","[2589.1010620683423, 2643.1010620683423]",28.0,47.0,75.0,1,True
221,"['12', '13']",2580.2993693845765,13,[2653.1010620683423],[2659.1010620683423],72.80169268376585,6.0,78.80169268376585,0,True
222,['13'],2620.489313907896,B1,,,11779.510686092104,,,0,False
223,['12'],2624.4257166886687,1,,,11775.57428331133,,,0,False
224,['14'],2632.218559330109,1,,,11767.78144066989,,,0,False
225,"['B1', 'B3']",2639.914592359722,B3,[2672.914592359722],[2682.914592359722],33.0,10.0,43.0,0,True
226,['10'],2641.1218332863464,5,,,11758.878166713654,,,0,False
227,['15'],2651.2081022278103,B1,,,11748.79189777219,,,0,False
228,"['3', '4']",2658.988933408049,4,[2694.914592359722],[2700.914592359722],35.925658951673086,6.0,41.925658951673086,0,True
229,['4'],2662.2069763867835,3,,,11737.793023613216,,,0,False
230,"['7', '14']",2676.2677639261165,14,[2753.1010620683423],[2799.1010620683423],76.83329814222589,46.0,122.83329814222589,0,True
231,"['4', '5', '8', '9']",2676.811395147435,9,"[2703.914592359722, 2729.1010620683423, 2785.1010620683423]","[2709.914592359722, 2759.1010620683423, 2791.1010620683423]",72.28966692090717,42.0,114.28966692090717,2,True
232,"['B1', '1', '5', '11']",2676.8968297300316,11,"[2696.914592359722, 2730.914592359722, 3208.5758650390726]","[2702.914592359722, 2748.914592359722, 3251.5758650390726]",507.67903530904096,67.0,574.679035309041,2,True
233,['13'],2685.742361328341,B4,,,11714.25763867166,,,0,False
234,"['7', '5', '1', 'B4']",2707.9046492619846,B4,"[2715.1010620683423, 2752.914592359722, 2774.914592359722]","[2725.1010620683423, 2770.914592359722, 2792.914592359722]",39.009943097737505,46.0,85.0099430977375,2,True
235,"['5', '13']",2710.2795096513332,13,[2728.1010620683423],[2790.1010620683423],17.821552417009116,62.0,79.82155241700912,0,True
236,"['8', '11']",2714.180607649854,11,[2763.1010620683423],[2777.1010620683423],48.920454418488134,14.0,62.920454418488134,0,True
237,"['13', '15']",2715.0448017495037,15,[2793.1010620683423],[2806.1010620683423],78.05626031883867,13.0,91.05626031883867,0,True
238,"['2', '1', 'B4']",2727.717940164483,B4,"[2894.1010620683423, 2904.1010620683423]","[2900.1010620683423, 2930.1010620683423]",170.38312190385932,32.0,202.38312190385932,1,True
239,['B4'],2761.441386554906,10,,,11638.558613445093,,,0,False
240,['9'],2763.9515101175007,1,,,11636.0484898825,,,0,False
241,"['7', '5', '2']",2765.1405912473765,2,"[2843.1010620683423, 2875.1010620683423]","[2853.1010620683423, 2889.1010620683423]",99.96047082096584,24.0,123.96047082096584,1,True
242,['B4'],2774.0351613385365,6,,,11625.964838661464,,,0,False
243,['6'],2791.197007514033,1,,,11608.802992485967,,,0,False
244,['11'],2794.7632888549606,8,,,11605.23671114504,,,0,False
245,"['1', '5', '11']",2797.2584680090063,11,"[3169.5758650390726, 3221.5758650390726]","[3202.5758650390726, 3251.5758650390726]",391.31739703006633,63.0,454.31739703006633,1,True
246,['4'],2806.6072164577567,1,,,11593.392783542244,,,0,False
247,['12'],2814.194811143154,1,,,11585.805188856846,,,0,False
248,"['1', '5', '11']",2822.6539498337484,11,"[3170.5758650390726, 3220.5758650390726]","[3202.5758650390726, 3251.5758650390726]",365.92191520532424,63.0,428.92191520532424,1,True
249,['10'],2833.820250162907,1,,,11566.179749837092,,,0,False
250,['10'],2846.753109240176,7,,,11553.246890759823,,,0,False
251,['B3'],2849.392054044166,1,,,11550.607945955835,,,0,False
252,"['5', '1', 'B3']",2852.547541132812,B3,"[2873.1010620683423, 2907.1010620683423]","[2900.1010620683423, 2921.1010620683423]",27.553520935530287,41.0,68.55352093553029,1,True
253,['B4'],2854.594516939697,B3,,,11545.405483060304,,,0,False
254,['11'],2858.55819243939,7,,,11541.44180756061,,,0,False
255,['B3'],2862.446536736938,1,,,11537.553463263062,,,0,False
256,"['B1', '1', '5', '7']",2863.478778484034,7,"[2877.478778484034, 3172.5758650390726, 3218.5758650390726]","[2883.478778484034, 3202.5758650390726, 3231.5758650390726]",319.09708655503846,49.0,368.09708655503846,2,True
257,['15'],2865.6386618076735,B1,,,11534.361338192326,,,0,False
258,"['7', '5', '1']",2868.7287290598633,1,"[2879.7287290598633, 3030.9231407967873]","[2889.7287290598633, 3049.9231407967873]",152.19441173692394,29.0,181.19441173692394,1,True
259,"['5', '7']",2899.8375217133753,7,[3209.5758650390726],[3231.5758650390726],309.7383433256973,22.0,331.7383433256973,0,True
260,['13'],2923.396162534812,11,,,11476.603837465187,,,0,False
261,"['1', '5']",2940.0895381788614,5,[3174.5758650390726],[3202.5758650390726],234.4863268602112,28.0,262.4863268602112,0,True
262,"['1', '5', '14']",2944.977939560081,14,"[3175.5758650390726, 3216.5758650390726]","[3202.5758650390726, 3272.5758650390726]",244.59792547899178,83.0,327.5979254789918,1,True
263,"['1', 'B4']",2951.8164904055734,B4,[2969.8164904055734],[2987.8164904055734],18.0,18.0,36.0,0,True
264,['9'],2977.6959141897514,1,,,11422.304085810249,,,0,False
265,"['8', '5', '1']",2983.9231407967873,1,"[2997.9231407967873, 3031.9231407967873]","[3011.9231407967873, 3049.9231407967873]",34.0,32.0,66.0,1,True
266,"['1', '5', '11']",3049.500173960664,11,"[3176.5758650390726, 3214.5758650390726]","[3202.5758650390726, 3251.5758650390726]",139.07569107840845,63.0,202.07569107840845,1,True
267,"['3', '1', 'B1']",3057.781367555057,B1,"[3068.781367555057, 3464.1488164382527]","[3078.781367555057, 3471.1488164382527]",396.3674488831957,17.0,413.3674488831957,1,True
268,['B4'],3074.71127594964,13,,,11325.28872405036,,,0,False
269,['11'],3083.720638377147,1,,,11316.279361622852,,,0,False
270,['6'],3087.5665854706986,14,,,11312.433414529301,,,0,False
271,"['B1', '1']",3090.627477336161,1,[3105.627477336161],[3111.627477336161],15.0,6.0,21.0,0,True
272,['8'],3095.5508823455375,6,,,11304.449117654462,,,0,False
273,['8'],3115.924811520135,B3,,,11284.075188479865,,,0,False
274,['12'],3138.79723667828,8,,,11261.20276332172,,,0,False
275,['15'],3141.783272860577,B1,,,11258.216727139423,,,0,False
276,"['B1', '1', '4']",3153.5758650390726,4,"[3160.5758650390726, 3178.5758650390726]","[3166.5758650390726, 3194.5758650390726]",19.0,22.0,41.0,1,True
277,['10'],3162.5986495007987,8,,,11237.401350499202,,,0,False
278,['13'],3168.5440205919945,5,,,11231.455979408005,,,0,False
279,"['1', '5', '11']",3173.639881612398,11,"[3180.5758650390726, 3212.5758650390726]","[3202.5758650390726, 3251.5758650390726]",16.93598342667474,61.0,77.93598342667474,1,True
280,"['4', '5', '11']",3186.473625267212,11,"[3196.5758650390726, 3210.5758650390726]","[3202.5758650390726, 3251.5758650390726]",18.102239771860695,47.0,65.1022397718607,1,True
281,['3'],3190.3814482080934,B4,,,11209.618551791908,,,0,False
282,['14'],3202.4654354866175,B4,,,11197.534564513382,,,0,False
283,['6'],3227.4876515850156,B1,,,11172.512348414984,,,0,False
284,['5'],3227.8610109915535,B3,,,11172.138989008447,,,0,False
285,['10'],3264.29279776898,9,,,11135.70720223102,,,0,False
286,['1'],3268.9859530208764,12,[3594.286602510594],,325.30064948971767,10805.713397489406,11131.014046979124,0,False
287,"['B1', '1']",3279.4812798208395,7,[3582.286602510594],[3590.286602510594],11112.51872017916,8.0,11120.51872017916,1,False
288,['4'],3294.359451218431,3,,,11105.640548781568,,,0,False
289,['B3'],3333.055686679266,2,,,11066.944313320735,,,0,False
290,['1'],3339.207272372376,14,[3596.286602510594],,257.0793301382182,10803.713397489406,11060.792727627624,0,False
291,['5'],3343.1201400388436,14,,,11056.879859961156,,,0,False
292,['15'],3353.4976115468235,11,,,11046.502388453177,,,0,False
293,['12'],3355.257494359143,13,,,11044.742505640857,,,0,False
294,['8'],3362.1184861910983,1,,,11037.881513808901,,,0,False
295,['B4'],3366.4201754135115,6,,,11033.579824586488,,,0,False
296,['6'],3379.7011793393885,14,,,11020.298820660611,,,0,False
297,['13'],3380.832311633284,B4,,,11019.167688366717,,,0,False
298,['11'],3391.2557319634757,B1,,,11008.744268036524,,,0,False
299,"['B1', '1']",3418.500164364479,11,"[3584.286602510594, 3598.286602510594]",[3590.286602510594],173.78643814611496,10807.713397489406,10981.49983563552,1,False
300,"['2', '1', 'B3']",3440.1488164382527,B3,"[3454.1488164382527, 3465.1488164382527]","[3460.1488164382527, 3482.1488164382527]",19.0,23.0,42.0,1,True
301,['15'],3455.941786827738,B3,,,10944.058213172262,,,0,False
302,['3'],3460.781667083922,B1,,,10939.218332916078,,,0,False
303,['7'],3468.457870574537,1,,,10931.542129425463,,,0,False
304,['11'],3477.161423010979,1,,,10922.838576989021,,,0,False
305,['B4'],3493.850687413855,B1,,,10906.149312586145,,,0,False
306,['5'],3493.9236539644066,8,,,10906.076346035594,,,0,False
307,"['1', 'B4']",3503.9097899086364,B4,[3517.9097899086364],[3535.9097899086364],14.0,18.0,32.0,0,True
308,['9'],3506.4640294768674,B1,,,10893.535970523133,,,0,False
309,['14'],3512.65335969646,B4,,,10887.34664030354,,,0,False
310,['14'],3516.7851338954024,15,,,10883.214866104598,,,0,False
311,['11'],3519.5623777257847,B1,,,10880.437622274216,,,0,False
312,['B4'],3521.822254535236,14,,,10878.177745464764,,,0,False
313,['B4'],3538.035864675875,1,,,10861.964135324124,,,0,False
314,['10'],3562.603186262064,6,,,10837.396813737936,,,0,False
315,['B1'],3568.286602510594,B3,,,10831.713397489406,,,0,False
>>>>>>> 30977edbcc5701aecdb1b560c05246c21ddd3ba5
