name,action,floor,time,direction,riderNumAfter
a0,0,B4,0.0,,
a1,0,1,0.0,,
a2,0,7,0.0,,
a1,1,2,13.916163658767971,1.0,
a1,1,3,17.91616365876797,1.0,
a1,1,4,21.91616365876797,1.0,
a1,2,4,22.91616365876797,1.0,0.0
a1,2,4,24.91616365876797,-1.0,1.0
a1,1,3,29.91616365876797,-1.0,
a1,1,2,33.91616365876797,-1.0,
a1,1,1,37.91616365876797,-1.0,
a1,0,1,40.91616365876797,,
a2,1,8,51.84635030275116,1.0,
a2,1,9,55.84635030275116,1.0,
a0,1,B3,57.19069985029287,1.0,
a1,1,2,59.738151958326156,1.0,
a2,1,10,59.84635030275116,1.0,
a0,1,B2,61.19069985029287,1.0,
a1,1,3,63.738151958326156,1.0,
a2,1,11,63.84635030275116,1.0,
a0,1,B1,65.19069985029287,1.0,
a1,1,4,67.73815195832616,1.0,
a2,1,12,67.84635030275116,1.0,
a0,2,B1,68.19069985029287,1.0,1.0
a1,1,5,71.73815195832616,1.0,
a2,1,13,71.84635030275116,1.0,
a2,2,13,72.84635030275116,1.0,0.0
a0,1,1,73.19069985029287,1.0,
a2,2,13,74.84635030275116,-1.0,1.0
a1,2,5,75.73815195832616,1.0,2.0
a0,0,1,77.19069985029287,,
a2,1,12,79.84635030275116,-1.0,
a1,1,6,80.73815195832616,1.0,
a2,2,12,82.84635030275116,-1.0,2.0
a1,1,7,84.73815195832616,1.0,
a2,1,11,87.84635030275116,-1.0,
a1,0,7,90.73815195832616,,
a2,1,10,91.84635030275116,-1.0,
a2,1,9,95.84635030275116,-1.0,
a2,1,8,99.84635030275116,-1.0,
a2,1,7,103.84635030275116,-1.0,
a2,2,7,111.84635030275116,1.0,2.0
a2,1,8,116.84635030275116,1.0,
a1,2,7,116.84635030275116,-1.0,1.0
a2,1,9,120.84635030275116,1.0,
a1,1,6,121.84635030275116,-1.0,
a2,2,9,122.84635030275116,1.0,1.0
a1,1,5,125.84635030275116,-1.0,
a2,1,10,127.84635030275116,1.0,
a1,1,4,129.84635030275115,-1.0,
a2,1,11,131.84635030275115,1.0,
a1,1,3,133.84635030275115,-1.0,
a2,1,12,135.84635030275115,1.0,
a1,2,3,136.84635030275115,-1.0,0.0
a2,1,13,139.84635030275115,1.0,
a1,1,4,141.84635030275115,1.0,
a2,1,14,143.84635030275115,1.0,
a1,1,5,145.84635030275115,1.0,
a2,1,15,147.84635030275115,1.0,
a1,2,5,147.84635030275115,1.0,1.0
a2,2,15,150.84635030275115,-1.0,1.0
a1,1,6,152.84635030275115,1.0,
a2,1,14,155.84635030275115,-1.0,
a1,1,7,156.84635030275115,1.0,
a2,1,13,159.84635030275115,-1.0,
a1,0,7,160.84635030275115,,
a2,1,12,163.84635030275115,-1.0,
a2,1,11,167.84635030275115,-1.0,
a2,2,11,169.84635030275115,-1.0,2.0
a2,1,10,174.84635030275115,-1.0,
a2,2,10,176.84635030275115,-1.0,3.0
a2,1,9,181.84635030275115,-1.0,
a2,1,8,185.84635030275115,-1.0,
a2,1,7,189.84635030275115,-1.0,
a0,1,B1,191.56435463843508,-1.0,
a2,2,7,194.84635030275115,1.0,1.0
a0,1,B2,195.56435463843508,-1.0,
a0,1,B3,199.56435463843508,-1.0,
a2,1,8,199.84635030275115,1.0,
a0,1,B4,203.56435463843508,-1.0,
a2,1,9,203.84635030275115,1.0,
a1,2,7,203.84635030275115,-1.0,3.0
a0,2,B4,206.56435463843508,1.0,1.0
a2,1,10,207.84635030275115,1.0,
a1,1,6,208.84635030275115,-1.0,
a0,1,B3,211.56435463843508,1.0,
a2,1,11,211.84635030275115,1.0,
a1,1,5,212.84635030275115,-1.0,
a2,2,11,214.84635030275115,1.0,0.0
a0,1,B2,215.56435463843508,1.0,
a1,1,4,216.84635030275115,-1.0,
a0,1,B1,219.56435463843508,1.0,
a2,1,12,219.84635030275115,1.0,
a1,2,4,219.84635030275115,-1.0,2.0
a0,1,1,223.56435463843508,1.0,
a2,1,13,223.84635030275115,1.0,
a1,1,3,224.84635030275115,-1.0,
a0,0,1,227.56435463843508,,
a2,1,14,227.84635030275115,1.0,
a1,1,2,228.84635030275115,-1.0,
a2,1,15,231.84635030275115,1.0,
a1,1,1,232.84635030275115,-1.0,
a2,2,15,233.84635030275115,-1.0,1.0
a1,0,1,237.84635030275115,,
a2,1,14,238.84635030275115,-1.0,
a2,1,13,242.84635030275115,-1.0,
a0,2,1,245.84635030275115,-1.0,1.0
a2,1,12,246.84635030275115,-1.0,
a2,1,11,250.84635030275115,-1.0,
a0,1,B1,250.84635030275115,-1.0,
a1,1,2,253.46741903047456,1.0,
a2,1,10,255.7537201033976,-1.0,
a0,2,B1,255.84635030275115,-1.0,1.0
a1,1,3,257.46741903047456,1.0,
a2,2,10,258.7537201033976,-1.0,2.0
a0,1,B2,260.84635030275115,-1.0,
a1,1,4,261.46741903047456,1.0,
a2,1,9,263.7537201033976,-1.0,
a0,1,B3,264.84635030275115,-1.0,
a1,1,5,265.46741903047456,1.0,
a2,1,8,267.7537201033976,-1.0,
a0,1,B4,268.84635030275115,-1.0,
a1,1,6,269.46741903047456,1.0,
a1,2,6,270.46741903047456,1.0,0.0
a2,1,7,271.7537201033976,-1.0,
a1,2,6,272.46741903047456,-1.0,1.0
a0,0,B4,272.84635030275115,,
a2,0,7,274.7537201033976,,
a1,1,5,277.46741903047456,-1.0,
a1,1,4,281.46741903047456,-1.0,
a1,1,3,285.46741903047456,-1.0,
a1,1,2,289.46741903047456,-1.0,
a1,1,1,293.46741903047456,-1.0,
a0,1,B3,299.46741903047456,1.0,
a1,1,2,300.46741903047456,1.0,
a0,1,B2,303.46741903047456,1.0,
a1,1,3,304.46741903047456,1.0,
a0,1,B1,307.46741903047456,1.0,
a1,1,4,308.46741903047456,1.0,
a0,1,1,311.46741903047456,1.0,
a1,1,5,312.46741903047456,1.0,
a0,2,1,313.46741903047456,-1.0,1.0
a1,1,6,316.46741903047456,1.0,
a0,1,B1,318.46741903047456,-1.0,
a1,1,7,320.46741903047456,1.0,
a0,1,B2,322.46741903047456,-1.0,
a1,2,7,323.46741903047456,-1.0,2.0
a0,1,B3,326.46741903047456,-1.0,
a1,1,6,328.46741903047456,-1.0,
a0,2,B3,328.46741903047456,-1.0,0.0
a1,2,6,330.46741903047456,-1.0,3.0
a0,1,B4,333.46741903047456,-1.0,
a0,2,B4,335.46741903047456,1.0,1.0
a1,1,5,337.01674038203413,-1.0,
a0,1,B3,340.46741903047456,1.0,
a2,2,7,340.8106724984027,1.0,1.0
a1,1,4,341.01674038203413,-1.0,
a0,1,B2,344.46741903047456,1.0,
a1,1,3,345.01674038203413,-1.0,
a2,1,8,345.8106724984027,1.0,
a1,2,3,347.01674038203413,-1.0,4.0
a2,2,8,347.8106724984027,1.0,0.0
a0,1,B1,348.46741903047456,1.0,
a2,0,8,348.8106724984027,,
a0,2,B1,350.46741903047456,1.0,0.0
a0,0,B1,351.46741903047456,,
a1,1,2,352.01674038203413,-1.0,
a1,1,1,356.01674038203413,-1.0,
a0,1,1,365.01674038203413,1.0,
a1,1,2,366.01674038203413,1.0,
a1,1,3,370.01674038203413,1.0,
a0,2,1,372.01674038203413,-1.0,4.0
a1,2,3,373.01674038203413,1.0,1.0
a0,1,B1,377.01674038203413,-1.0,
a1,1,4,378.01674038203413,1.0,
a0,2,B1,380.01674038203413,-1.0,3.0
a1,1,5,382.01674038203413,1.0,
a0,1,B2,385.01674038203413,-1.0,
a1,1,6,386.01674038203413,1.0,
a0,1,B3,389.01674038203413,-1.0,
a1,1,7,390.01674038203413,1.0,
a0,2,B3,393.01674038203413,-1.0,1.0
a2,1,7,397.01674038203413,-1.0,
a1,1,6,398.01674038203413,-1.0,
a0,1,B4,398.01674038203413,-1.0,
a2,2,7,400.01674038203413,1.0,1.0
a1,1,5,402.01674038203413,-1.0,
a0,2,B4,402.01674038203413,1.0,1.0
a2,1,8,405.01674038203413,1.0,
a1,1,4,406.01674038203413,-1.0,
a0,1,B3,407.01674038203413,1.0,
a2,1,9,409.01674038203413,1.0,
a1,2,4,409.01674038203413,-1.0,1.0
a0,1,B2,411.01674038203413,1.0,
a2,1,10,413.01674038203413,1.0,
a1,1,3,414.01674038203413,-1.0,
a0,1,B1,415.01674038203413,1.0,
a2,1,11,417.01674038203413,1.0,
a1,1,2,418.01674038203413,-1.0,
a0,2,B1,418.01674038203413,1.0,2.0
a2,1,12,421.01674038203413,1.0,
a1,1,1,422.01674038203413,-1.0,
a0,1,1,423.01674038203413,1.0,
a2,1,13,425.01674038203413,1.0,
a2,2,13,427.01674038203413,1.0,0.0
a1,1,2,429.01674038203413,1.0,
a0,0,1,429.01674038203413,,
a2,1,12,432.01674038203413,-1.0,
a1,1,3,433.01674038203413,1.0,
a2,1,11,436.01674038203413,-1.0,
a1,1,4,437.01674038203413,1.0,
a2,1,10,440.01674038203413,-1.0,
a1,1,5,441.01674038203413,1.0,
a2,1,9,444.01674038203413,-1.0,
a1,1,6,445.01674038203413,1.0,
a1,1,7,449.01674038203413,1.0,
a2,2,9,449.01674038203413,-1.0,2.0
a1,2,7,452.01674038203413,-1.0,1.0
a2,1,8,454.01674038203413,-1.0,
a0,1,B1,456.92670106853063,-1.0,
a1,1,6,457.01674038203413,-1.0,
a2,1,7,458.01674038203413,-1.0,
a0,1,B2,460.92670106853063,-1.0,
a1,1,5,461.01674038203413,-1.0,
a2,0,7,461.01674038203413,,
a0,1,B3,464.92670106853063,-1.0,
a1,1,4,465.01674038203413,-1.0,
a0,1,B4,468.92670106853063,-1.0,
a1,1,3,469.01674038203413,-1.0,
a0,2,B4,471.92670106853063,1.0,1.0
a1,1,2,473.01674038203413,-1.0,
a0,1,B3,476.92670106853063,1.0,
a1,1,1,477.01674038203413,-1.0,
a0,1,B2,480.92670106853063,1.0,
a1,1,2,484.01674038203413,1.0,
a0,1,B1,484.92670106853063,1.0,
a1,1,3,488.01674038203413,1.0,
a2,1,8,488.61733832365616,1.0,
a0,1,1,488.92670106853063,1.0,
a2,2,8,491.61733832365616,1.0,1.0
a0,0,1,491.92670106853063,,
a1,1,4,492.01674038203413,1.0,
a1,1,5,496.01674038203413,1.0,
a2,1,9,496.61733832365616,1.0,
a2,2,9,499.61733832365616,1.0,0.0
a1,1,6,500.01674038203413,1.0,
a2,0,9,500.61733832365616,,
a1,1,7,504.01674038203413,1.0,
a1,2,7,507.01674038203413,-1.0,2.0
a0,1,B1,510.0979385393428,-1.0,
a1,1,6,512.0167403820342,-1.0,
a0,2,B1,512.0979385393427,-1.0,1.0
a1,1,5,516.0167403820342,-1.0,
a0,1,B2,517.0979385393427,-1.0,
a1,2,5,519.0167403820342,-1.0,3.0
a0,1,B3,521.0979385393427,-1.0,
a0,2,B3,523.0979385393427,-1.0,0.0
a1,1,4,524.0167403820342,-1.0,
a0,0,B3,524.0979385393427,,
a1,1,3,528.0167403820342,-1.0,
a1,2,3,530.0167403820342,-1.0,2.0
a1,1,2,535.0167403820342,-1.0,
a1,1,1,539.0167403820342,-1.0,
a0,2,B3,541.5993438344128,1.0,1.0
a0,1,B2,546.5993438344128,1.0,
a1,1,2,548.0167403820342,1.0,
a0,1,B1,550.7454593653546,1.0,
a1,1,3,552.0167403820342,1.0,
a0,2,B1,554.7454593653546,1.0,3.0
a1,1,4,556.0167403820342,1.0,
a1,2,4,559.0167403820342,1.0,1.0
a0,1,1,559.7454593653546,1.0,
a0,0,1,562.7454593653546,,
a1,1,5,564.0167403820342,1.0,
a1,1,6,568.0167403820342,1.0,
a1,1,7,572.0167403820342,1.0,
a0,1,B1,578.9551507007808,-1.0,
a2,1,8,579.0167403820342,-1.0,
a1,1,6,580.0167403820342,-1.0,
a0,1,B2,582.9551507007808,-1.0,
a2,1,7,583.0167403820342,-1.0,
a1,1,5,584.0167403820342,-1.0,
a2,2,7,585.0167403820342,1.0,1.0
a0,1,B3,586.9551507007808,-1.0,
a0,2,B3,587.9551507007808,-1.0,0.0
a0,2,B3,588.9551507007808,1.0,1.0
a1,1,4,589.788279886912,-1.0,
a2,1,8,590.0167403820342,1.0,
a1,2,4,592.788279886912,-1.0,1.0
a0,1,B2,593.9551507007808,1.0,
a2,1,9,594.0167403820342,1.0,
a1,1,3,597.788279886912,-1.0,
a0,1,B1,597.9551507007808,1.0,
a2,1,10,598.0167403820342,1.0,
a1,2,3,599.788279886912,-1.0,2.0
a0,1,1,601.9551507007808,1.0,
a2,1,11,602.0167403820342,1.0,
a1,1,2,604.788279886912,-1.0,
a0,0,1,605.9551507007808,,
a2,1,12,606.0167403820342,1.0,
a1,1,1,608.788279886912,-1.0,
a2,1,13,610.0167403820342,1.0,
a2,2,13,613.0167403820342,1.0,0.0
a2,0,13,614.0167403820342,,
a1,1,2,616.788279886912,1.0,
a1,1,3,620.788279886912,1.0,
a2,1,12,621.37020489756,-1.0,
a1,1,4,624.788279886912,1.0,
a2,1,11,625.37020489756,-1.0,
a1,1,5,628.788279886912,1.0,
a2,1,10,629.37020489756,-1.0,
a1,1,6,632.788279886912,1.0,
a2,1,9,633.37020489756,-1.0,
a1,2,6,635.788279886912,1.0,1.0
a2,1,8,637.37020489756,-1.0,
a2,2,8,639.37020489756,-1.0,1.0
a1,1,7,640.788279886912,1.0,
a2,1,7,644.37020489756,-1.0,
a2,2,7,647.37020489756,1.0,1.0
a1,1,6,648.788279886912,-1.0,
a2,1,8,652.37020489756,1.0,
a1,1,5,652.788279886912,-1.0,
a2,1,9,656.37020489756,1.0,
a1,1,4,656.788279886912,-1.0,
a2,2,9,658.37020489756,1.0,0.0
a1,1,3,660.788279886912,-1.0,
a2,1,10,663.37020489756,1.0,
a1,1,2,664.788279886912,-1.0,
a1,2,2,666.788279886912,-1.0,1.0
a2,1,11,667.37020489756,1.0,
a2,1,12,671.37020489756,1.0,
a1,1,1,671.788279886912,-1.0,
a2,2,12,672.37020489756,1.0,0.0
a2,2,12,673.37020489756,-1.0,1.0
a2,1,11,678.37020489756,-1.0,
a1,1,2,678.788279886912,1.0,
a2,1,10,682.37020489756,-1.0,
a1,1,3,682.788279886912,1.0,
a2,1,9,686.37020489756,-1.0,
a1,1,4,686.788279886912,1.0,
a2,1,8,690.37020489756,-1.0,
a1,1,5,690.788279886912,1.0,
a2,1,7,694.37020489756,-1.0,
a1,1,6,694.788279886912,1.0,
a2,2,7,698.37020489756,1.0,1.0
a1,1,7,698.788279886912,1.0,
a1,2,7,702.788279886912,-1.0,2.0
a2,1,8,703.37020489756,1.0,
a2,1,9,707.37020489756,1.0,
a1,1,6,707.788279886912,-1.0,
a1,2,6,709.788279886912,-1.0,3.0
a2,1,10,711.37020489756,1.0,
a2,2,10,713.37020489756,1.0,0.0
a2,0,10,714.37020489756,,
a1,1,5,714.788279886912,-1.0,
a1,2,5,717.788279886912,-1.0,4.0
a1,1,4,722.788279886912,-1.0,
a1,2,4,725.788279886912,-1.0,3.0
a0,1,B1,729.6880572484987,-1.0,
a1,1,3,730.788279886912,-1.0,
a0,1,B2,733.6880572484987,-1.0,
a1,2,3,734.788279886912,-1.0,3.0
a0,1,B3,737.6880572484987,-1.0,
a0,2,B3,738.6880572484987,-1.0,0.0
a0,2,B3,739.6880572484987,1.0,1.0
a1,1,2,739.788279886912,-1.0,
a1,2,2,741.788279886912,-1.0,4.0
a0,1,B2,744.6880572484987,1.0,
a1,1,1,746.788279886912,-1.0,
a0,1,B1,748.6880572484987,1.0,
a0,1,1,752.6880572484987,1.0,
a1,0,1,754.788279886912,,
a0,0,1,756.6880572484987,,
a2,1,11,775.4559840874356,1.0,
a2,1,12,779.4559840874356,1.0,
a2,1,13,783.4559840874356,1.0,
a2,1,14,787.4559840874356,1.0,
a2,1,15,791.4559840874356,1.0,
a2,2,15,794.4559840874356,-1.0,1.0
a2,1,14,799.4559840874356,-1.0,
a0,1,B1,802.5999811516386,-1.0,
a2,1,13,803.4559840874356,-1.0,
a0,2,B1,803.5999811516386,-1.0,0.0
a0,2,B1,805.5999811516386,1.0,1.0
a2,1,12,807.4559840874356,-1.0,
a0,1,1,810.5999811516386,1.0,
a2,1,11,811.4559840874356,-1.0,
a0,0,1,813.5999811516386,,
a2,1,10,815.4559840874356,-1.0,
a2,1,9,819.4559840874356,-1.0,
a2,1,8,823.4559840874356,-1.0,
a1,1,2,826.1137568936522,1.0,
a2,1,7,827.4559840874356,-1.0,
a1,1,3,830.1137568936522,1.0,
a2,0,7,830.4559840874356,,
a1,1,4,834.1137568936522,1.0,
a1,2,4,835.1137568936522,1.0,0.0
a1,2,4,837.1137568936522,-1.0,1.0
a1,1,3,842.1137568936522,-1.0,
a1,1,2,846.1137568936522,-1.0,
a2,1,8,847.5555734212662,1.0,
a1,2,2,848.1137568936522,-1.0,0.0
a2,2,8,848.5555734212662,1.0,0.0
a1,0,2,849.1137568936522,,
a2,2,8,849.5555734212662,-1.0,1.0
a2,1,7,854.5555734212662,-1.0,
a2,0,7,858.5555734212662,,
a1,1,3,876.9404820071559,1.0,
a1,1,4,880.9404820071559,1.0,
a1,2,4,883.9404820071559,1.0,1.0
a1,1,5,888.9404820071559,1.0,
a1,1,6,892.9404820071559,1.0,
a1,1,7,896.9404820071559,1.0,
a1,0,7,900.9404820071559,,
a2,1,8,905.5325595400226,1.0,
a2,1,9,909.5325595400226,1.0,
a2,1,10,913.5325595400226,1.0,
a2,1,11,917.5325595400226,1.0,
a2,1,12,921.5325595400226,1.0,
a2,1,13,925.5325595400226,1.0,
a2,1,14,929.5325595400226,1.0,
a2,2,14,932.5325595400226,1.0,1.0
a2,1,15,937.5325595400226,1.0,
a2,1,14,945.5325595400226,-1.0,
a2,1,13,949.5325595400226,-1.0,
a2,1,12,953.5325595400226,-1.0,
a2,1,11,957.5325595400226,-1.0,
a2,1,10,961.5325595400226,-1.0,
a2,1,9,968.1558201315427,-1.0,
a2,1,8,972.1558201315427,-1.0,
a0,1,B1,973.9055433943222,-1.0,
a2,2,8,974.1558201315427,-1.0,1.0
a0,1,B2,977.9055433943222,-1.0,
a2,1,7,979.1558201315427,-1.0,
a0,1,B3,981.9055433943222,-1.0,
a2,2,7,983.1558201315427,1.0,1.0
a0,2,B3,983.9055433943222,-1.0,1.0
a2,1,8,988.1558201315427,1.0,
a0,1,B4,988.9055433943222,-1.0,
a2,2,8,990.1558201315427,1.0,0.0
a0,0,B4,991.9055433943222,,
a2,1,9,995.1558201315427,1.0,
a2,2,9,998.1558201315427,1.0,1.0
a2,1,10,1003.1558201315427,1.0,
a2,1,11,1007.1558201315427,1.0,
a2,1,12,1011.1558201315427,1.0,
a2,1,13,1015.1558201315427,1.0,
a2,2,13,1018.1558201315427,1.0,0.0
a2,0,13,1019.1558201315427,,
a2,2,13,1057.0003735500175,1.0,1.0
a2,1,14,1062.0003735500175,1.0,
a2,2,14,1064.0003735500175,1.0,0.0
a2,0,14,1065.0003735500175,,
a0,1,B3,1091.5448788582084,1.0,
a0,1,B2,1095.5448788582084,1.0,
a0,1,B1,1099.5448788582084,1.0,
a1,1,6,1102.127575433989,-1.0,
a0,2,B1,1102.5448788582084,1.0,1.0
a1,1,5,1106.127575433989,-1.0,
a0,1,1,1107.5448788582084,1.0,
a1,2,5,1108.127575433989,-1.0,1.0
a0,0,1,1110.5448788582084,,
a1,1,4,1113.127575433989,-1.0,
a1,1,3,1117.127575433989,-1.0,
a1,2,3,1119.127575433989,-1.0,0.0
a1,0,3,1120.127575433989,,
a1,1,4,1150.5366519365214,1.0,
a1,2,4,1153.5366519365214,1.0,1.0
a1,1,5,1158.5366519365214,1.0,
a1,1,6,1162.5366519365214,1.0,
a1,1,7,1166.5366519365214,1.0,
a1,0,7,1169.5366519365214,,
a2,1,13,1172.5366519365214,-1.0,
a2,1,12,1176.5366519365214,-1.0,
a2,1,11,1180.5366519365214,-1.0,
a2,1,10,1184.5366519365214,-1.0,
a2,1,9,1188.5366519365214,-1.0,
a2,1,8,1192.5366519365214,-1.0,
a2,1,7,1196.5366519365214,-1.0,
a2,2,7,1201.5366519365214,1.0,2.0
a1,1,6,1203.6801550195598,-1.0,
a1,2,6,1204.6801550195598,-1.0,0.0
a1,2,6,1205.6801550195598,1.0,1.0
a2,1,8,1206.5366519365214,1.0,
a2,1,9,1210.5366519365214,1.0,
a1,1,7,1210.6801550195598,1.0,
a2,2,9,1213.5366519365214,1.0,1.0
a1,0,7,1214.6801550195598,,
a2,1,10,1218.5366519365214,1.0,
a2,1,11,1222.5366519365214,1.0,
a2,1,12,1226.5366519365214,1.0,
a2,2,12,1229.5366519365214,1.0,0.0
a1,1,6,1230.6357216196495,-1.0,
a2,1,13,1234.5366519365214,1.0,
a1,1,5,1234.6357216196495,-1.0,
a2,1,14,1238.5366519365214,1.0,
a1,1,4,1238.6357216196495,-1.0,
a1,2,4,1241.6357216196495,-1.0,1.0
a2,1,15,1242.5366519365214,1.0,
a2,2,15,1245.5366519365214,-1.0,1.0
a1,1,3,1246.6357216196495,-1.0,
a2,1,14,1250.5366519365214,-1.0,
a1,1,2,1250.6357216196495,-1.0,
a2,1,13,1254.5366519365214,-1.0,
a1,1,1,1254.6357216196495,-1.0,
a2,2,13,1257.5366519365214,-1.0,2.0
a1,0,1,1258.6357216196495,,
a2,1,12,1262.5366519365214,-1.0,
a2,1,11,1266.5366519365214,-1.0,
a2,1,10,1270.5366519365214,-1.0,
a2,2,10,1273.5366519365214,-1.0,3.0
a2,1,9,1278.5366519365214,-1.0,
a2,1,8,1282.5366519365214,-1.0,
a2,1,7,1286.5366519365214,-1.0,
a2,0,7,1290.5366519365214,,
a0,1,B1,1293.5809070491002,-1.0,
a0,1,B2,1297.5809070491002,-1.0,
a0,1,B3,1301.5809070491002,-1.0,
a0,2,B3,1304.5809070491002,-1.0,1.0
a0,1,B4,1309.5809070491002,-1.0,
a0,0,B4,1312.5809070491002,,
a1,1,2,1338.5271084680319,1.0,
a1,2,2,1341.5271084680319,1.0,2.0
a1,1,3,1346.5271084680319,1.0,
a1,1,4,1350.5271084680319,1.0,
a1,1,5,1354.5271084680319,1.0,
a1,2,5,1366.5271084680319,1.0,8.0
a1,1,6,1371.5271084680319,1.0,
a1,2,6,1373.5271084680319,1.0,7.0
a1,1,7,1378.5271084680319,1.0,
a1,1,6,1387.5271084680319,-1.0,
a0,1,B3,1388.5206404805276,1.0,
a0,2,B3,1391.5206404805276,1.0,1.0
a1,1,5,1391.5271084680319,-1.0,
a1,1,4,1395.5271084680319,-1.0,
a0,1,B2,1396.5206404805276,1.0,
a1,1,3,1399.5271084680319,-1.0,
a0,1,B1,1400.5206404805276,1.0,
a1,1,2,1403.5271084680319,-1.0,
a0,1,1,1404.5206404805276,1.0,
a1,2,2,1406.5271084680319,-1.0,1.0
a0,0,1,1408.5206404805276,,
a1,1,1,1411.5271084680319,-1.0,
a0,1,B1,1412.815132807476,-1.0,
a0,1,B2,1416.815132807476,-1.0,
a1,1,2,1419.5271084680319,1.0,
a0,1,B3,1420.815132807476,-1.0,
a1,2,2,1422.5271084680319,1.0,1.0
a0,1,B4,1424.815132807476,-1.0,
a0,2,B4,1426.815132807476,1.0,1.0
a1,1,3,1427.5271084680319,1.0,
a1,1,4,1431.5271084680319,1.0,
a0,1,B3,1431.815132807476,1.0,
a1,2,4,1433.5271084680319,1.0,2.0
a0,1,B2,1435.815132807476,1.0,
a1,1,5,1438.5271084680319,1.0,
a0,1,B1,1439.815132807476,1.0,
a1,2,5,1441.5271084680319,1.0,3.0
a0,1,1,1443.815132807476,1.0,
a1,1,6,1446.5271084680319,1.0,
a0,0,1,1447.815132807476,,
a1,1,7,1450.5271084680319,1.0,
a2,1,8,1451.6548345838505,1.0,
a1,0,7,1453.5271084680319,,
a2,1,9,1455.6548345838505,1.0,
a2,1,10,1459.6548345838505,1.0,
a2,1,11,1463.6548345838505,1.0,
a2,1,12,1467.6548345838505,1.0,
a2,1,13,1471.6548345838505,1.0,
a2,2,13,1472.6548345838505,1.0,0.0
a2,2,13,1474.6548345838505,-1.0,1.0
a2,1,12,1479.6548345838505,-1.0,
a2,1,11,1483.6548345838505,-1.0,
a2,1,10,1487.6548345838505,-1.0,
a2,1,9,1491.6548345838505,-1.0,
a2,1,8,1495.6548345838505,-1.0,
a2,1,7,1499.6548345838505,-1.0,
a2,0,7,1503.6548345838505,,
a2,1,8,1536.242829079607,1.0,
a2,1,9,1540.242829079607,1.0,
a0,1,B1,1542.672244166753,-1.0,
a0,2,B1,1543.672244166753,-1.0,0.0
a2,1,10,1544.242829079607,1.0,
a0,2,B1,1545.672244166753,1.0,1.0
a2,1,11,1548.242829079607,1.0,
a0,1,1,1550.672244166753,1.0,
a2,1,12,1552.242829079607,1.0,
a0,0,1,1553.672244166753,,
a2,1,13,1556.242829079607,1.0,
a2,1,14,1560.242829079607,1.0,
a2,1,15,1564.242829079607,1.0,
a2,2,15,1566.242829079607,-1.0,1.0
a2,1,14,1571.242829079607,-1.0,
a2,1,13,1575.242829079607,-1.0,
a2,1,12,1579.242829079607,-1.0,
a2,1,11,1583.242829079607,-1.0,
a2,1,10,1587.242829079607,-1.0,
a2,1,9,1591.242829079607,-1.0,
a2,1,8,1595.242829079607,-1.0,
a2,1,7,1599.242829079607,-1.0,
a2,1,8,1607.242829079607,1.0,
a2,1,9,1611.242829079607,1.0,
a2,1,10,1615.242829079607,1.0,
a1,1,6,1617.3346734726508,-1.0,
a2,1,11,1619.242829079607,1.0,
a1,1,5,1621.3346734726508,-1.0,
a2,1,12,1623.242829079607,1.0,
a2,2,12,1624.242829079607,1.0,0.0
a2,2,12,1625.242829079607,-1.0,1.0
a1,1,4,1625.3346734726508,-1.0,
a1,2,4,1628.3346734726508,-1.0,1.0
a2,1,11,1630.242829079607,-1.0,
a1,1,3,1633.3346734726508,-1.0,
a2,1,10,1634.242829079607,-1.0,
a1,2,3,1635.3346734726508,-1.0,0.0
a2,1,9,1638.242829079607,-1.0,
a1,1,4,1640.3346734726508,1.0,
a2,1,8,1642.242829079607,-1.0,
a1,2,4,1642.3346734726508,1.0,1.0
a2,1,7,1646.242829079607,-1.0,
a1,1,5,1647.3346734726508,1.0,
a2,0,7,1650.242829079607,,
a1,1,6,1651.3346734726508,1.0,
a1,2,6,1658.3346734726508,1.0,2.0
a1,1,7,1663.3346734726508,1.0,
a2,1,8,1666.6098797065902,1.0,
a1,1,6,1670.3346734726508,-1.0,
a2,1,9,1670.6098797065902,1.0,
a1,1,5,1674.3346734726508,-1.0,
a2,1,10,1674.6098797065902,1.0,
a1,1,4,1678.3346734726508,-1.0,
a2,1,11,1678.6098797065902,1.0,
a2,1,12,1682.6098797065902,1.0,
a1,1,3,1684.1624164030898,-1.0,
a2,2,12,1684.6098797065902,1.0,1.0
a1,2,3,1687.1624164030898,-1.0,1.0
a2,1,13,1689.6098797065902,1.0,
a2,2,13,1691.6098797065902,1.0,0.0
a1,1,2,1692.1624164030898,-1.0,
a2,0,13,1692.6098797065902,,
a1,1,1,1696.1624164030898,-1.0,
a1,1,2,1704.1624164030898,1.0,
a1,2,2,1707.1624164030898,1.0,1.0
a1,1,3,1712.1624164030898,1.0,
a1,1,4,1716.1624164030898,1.0,
a1,2,4,1720.1624164030898,1.0,1.0
a0,1,B1,1724.1632959045203,-1.0,
a1,1,5,1725.1624164030898,1.0,
a0,1,B2,1728.1632959045203,-1.0,
a1,1,6,1729.1624164030898,1.0,
a0,1,B3,1732.1632959045203,-1.0,
a1,1,7,1733.1624164030898,1.0,
a0,2,B3,1735.1632959045203,-1.0,1.0
a1,0,7,1737.1624164030898,,
a0,1,B4,1740.1632959045203,-1.0,
a0,0,B4,1743.1632959045203,,
a2,1,12,1747.2631025088217,-1.0,
a2,1,11,1751.2631025088217,-1.0,
a2,1,10,1755.2631025088217,-1.0,
a2,1,9,1759.2631025088217,-1.0,
a2,1,8,1763.2631025088217,-1.0,
a2,2,8,1768.2631025088217,-1.0,2.0
a2,1,7,1773.2631025088217,-1.0,
a2,0,7,1777.2631025088217,,
a2,1,8,1789.8973693782762,1.0,
a2,1,9,1793.8973693782762,1.0,
a2,1,10,1797.8973693782762,1.0,
a2,1,11,1801.8973693782762,1.0,
a2,1,12,1805.8973693782762,1.0,
a2,1,13,1809.8973693782762,1.0,
a2,1,14,1813.8973693782762,1.0,
a2,1,15,1817.8973693782762,1.0,
a2,2,15,1820.8973693782762,-1.0,1.0
a2,1,14,1825.8973693782762,-1.0,
a2,1,13,1829.8973693782762,-1.0,
a2,2,13,1832.8973693782762,-1.0,0.0
a2,0,13,1833.8973693782762,,
a0,1,B3,1858.0967033664044,1.0,
a0,2,B3,1859.0967033664044,1.0,0.0
a0,2,B3,1860.0967033664044,-1.0,1.0
a0,1,B4,1865.0967033664044,-1.0,
a0,0,B4,1868.0967033664044,,
a1,1,6,1882.3663860222064,-1.0,
a1,1,5,1886.3663860222064,-1.0,
a1,1,4,1890.3663860222064,-1.0,
a1,2,4,1892.3663860222064,-1.0,1.0
a1,1,3,1897.3663860222064,-1.0,
a1,1,2,1901.3663860222064,-1.0,
a1,1,1,1905.3663860222064,-1.0,
a0,2,B4,1908.542594587162,1.0,1.0
a1,0,1,1909.3663860222064,,
a0,1,B3,1913.542594587162,1.0,
a0,2,B3,1915.542594587162,1.0,0.0
a0,0,B3,1916.542594587162,,
a2,1,12,1921.001340622075,-1.0,
a2,2,12,1924.001340622075,-1.0,1.0
a2,1,11,1929.001340622075,-1.0,
a2,1,10,1933.001340622075,-1.0,
a2,1,9,1937.001340622075,-1.0,
a2,1,8,1941.001340622075,-1.0,
a2,2,8,1943.001340622075,-1.0,2.0
a2,1,7,1948.001340622075,-1.0,
a0,1,B2,1950.1985084930964,1.0,
a0,1,B1,1954.1985084930964,1.0,
a2,1,8,1956.001340622075,1.0,
a0,2,B1,1957.1985084930964,1.0,1.0
a2,1,9,1960.001340622075,1.0,
a0,1,1,1962.1985084930964,1.0,
a2,1,10,1964.001340622075,1.0,
a0,0,1,1965.1985084930964,,
a2,2,10,1967.001340622075,1.0,1.0
a2,1,11,1972.001340622075,1.0,
a2,2,11,1976.001340622075,1.0,1.0
a2,1,12,1981.001340622075,1.0,
a2,2,12,1984.001340622075,1.0,0.0
a2,0,12,1985.001340622075,,
a0,1,B1,2015.0501986027252,-1.0,
a0,1,B2,2019.0501986027252,-1.0,
a0,1,B3,2023.0501986027252,-1.0,
a0,1,B4,2027.0501986027252,-1.0,
a0,2,B4,2029.0501986027252,1.0,1.0
a1,1,2,2030.9874671006678,1.0,
a0,1,B3,2034.0501986027252,1.0,
a1,1,3,2034.9874671006678,1.0,
a0,1,B2,2038.0501986027252,1.0,
a1,1,4,2038.9874671006678,1.0,
a1,2,4,2040.9874671006678,1.0,1.0
a0,1,B1,2042.0501986027252,1.0,
a1,1,5,2045.9874671006678,1.0,
a0,1,1,2046.0501986027252,1.0,
a1,1,6,2049.987467100668,1.0,
a0,0,1,2050.0501986027252,,
a1,1,7,2053.987467100668,1.0,
a1,1,6,2061.987467100668,-1.0,
a1,1,5,2065.987467100668,-1.0,
a1,1,4,2069.987467100668,-1.0,
a2,1,13,2071.6768336856644,1.0,
a2,2,13,2072.6768336856644,1.0,0.0
a1,1,3,2073.987467100668,-1.0,
a2,2,13,2074.6768336856644,-1.0,1.0
a0,1,B1,2074.9279695382,-1.0,
a1,2,3,2076.987467100668,-1.0,1.0
a0,1,B2,2078.9279695382,-1.0,
a2,1,12,2079.6768336856644,-1.0,
a1,1,2,2081.987467100668,-1.0,
a0,1,B3,2082.9279695382,-1.0,
a2,1,11,2083.6768336856644,-1.0,
a1,2,2,2084.987467100668,-1.0,2.0
a0,1,B4,2086.9279695382,-1.0,
a2,1,10,2087.6768336856644,-1.0,
a0,2,B4,2089.9279695382,1.0,1.0
a1,1,1,2089.987467100668,-1.0,
a2,1,9,2091.6768336856644,-1.0,
a0,1,B3,2094.9279695382,1.0,
a1,0,1,2094.987467100668,,
a0,1,B2,2098.9279695382,1.0,
a0,1,B1,2102.9279695382,1.0,
a2,2,9,2103.6768336856644,-1.0,6.0
a0,1,1,2106.9279695382,1.0,
a2,1,8,2108.6768336856644,-1.0,
a0,0,1,2110.9279695382,,
a2,1,7,2112.6768336856644,-1.0,
a2,1,8,2120.6768336856644,1.0,
a2,1,9,2124.6768336856644,1.0,
a2,1,10,2128.6768336856644,1.0,
a2,1,11,2132.6768336856644,1.0,
a2,1,12,2136.6768336856644,1.0,
a2,2,12,2137.6768336856644,1.0,0.0
a2,2,12,2138.6768336856644,-1.0,1.0
a2,1,11,2143.6768336856644,-1.0,
a2,1,10,2147.6768336856644,-1.0,
a2,1,9,2151.6768336856644,-1.0,
a2,1,8,2155.6768336856644,-1.0,
a2,1,7,2159.6768336856644,-1.0,
a2,0,7,2162.6768336856644,,
a2,1,8,2190.6169224765063,1.0,
a2,2,8,2192.6169224765063,1.0,1.0
a2,1,9,2197.6169224765063,1.0,
a2,1,10,2201.6169224765063,1.0,
a2,1,11,2205.6169224765063,1.0,
a2,2,11,2208.6169224765063,1.0,0.0
a2,0,11,2209.6169224765063,,
a0,1,B1,2214.1656586804074,-1.0,
a0,1,B2,2218.1656586804074,-1.0,
a0,1,B3,2222.1656586804074,-1.0,
a0,2,B3,2223.1656586804074,-1.0,0.0
a0,2,B3,2224.1656586804074,1.0,1.0
a0,1,B2,2229.1656586804074,1.0,
a0,1,B1,2233.1656586804074,1.0,
a0,1,1,2237.1656586804074,1.0,
a1,1,2,2239.387586407467,1.0,
a0,0,1,2240.1656586804074,,
a1,1,3,2243.387586407467,1.0,
a1,1,4,2247.387586407467,1.0,
a1,2,4,2248.387586407467,1.0,0.0
a1,2,4,2250.387586407467,-1.0,1.0
a1,1,3,2255.387586407467,-1.0,
a1,1,2,2259.387586407467,-1.0,
a1,1,1,2263.387586407467,-1.0,
a1,0,1,2267.387586407467,,
a2,1,12,2271.294927918994,1.0,
a2,2,12,2272.294927918994,1.0,0.0
a2,2,12,2273.294927918994,-1.0,1.0
a0,1,B1,2275.3532582865414,-1.0,
a0,2,B1,2277.3532582865414,-1.0,1.0
a2,1,11,2278.294927918994,-1.0,
a2,1,10,2282.294927918994,-1.0,
a0,1,B2,2282.3532582865414,-1.0,
a2,2,10,2286.294927918994,-1.0,1.0
a0,1,B3,2286.3532582865414,-1.0,
a0,2,B3,2289.3532582865414,-1.0,0.0
a0,0,B3,2290.3532582865414,,
a2,1,9,2291.294927918994,-1.0,
a2,1,8,2295.294927918994,-1.0,
a2,1,7,2299.294927918994,-1.0,
a2,1,8,2307.294927918994,1.0,
a2,1,9,2311.294927918994,1.0,
a2,2,9,2314.294927918994,1.0,1.0
a2,1,10,2319.294927918994,1.0,
a2,1,11,2323.294927918994,1.0,
a2,1,12,2327.294927918994,1.0,
a2,1,13,2331.294927918994,1.0,
a2,2,13,2335.294927918994,1.0,1.0
a2,1,14,2340.294927918994,1.0,
a2,1,15,2344.294927918994,1.0,
a2,0,15,2348.294927918994,,
a2,1,14,2370.2854500736453,-1.0,
a2,1,13,2374.2854500736453,-1.0,
a2,1,12,2378.2854500736453,-1.0,
a2,1,11,2382.2854500736453,-1.0,
a2,1,10,2386.2854500736453,-1.0,
a2,1,9,2390.2854500736453,-1.0,
a0,1,B4,2391.428806464959,-1.0,
a1,1,2,2394.1213194799966,1.0,
a2,1,8,2394.2854500736453,-1.0,
a0,2,B4,2394.428806464959,1.0,1.0
a2,2,8,2397.2854500736453,-1.0,1.0
a1,1,3,2398.1213194799966,1.0,
a0,1,B3,2399.428806464959,1.0,
a2,1,7,2402.2854500736453,-1.0,
a0,1,B2,2403.428806464959,1.0,
a1,2,3,2404.1213194799966,1.0,4.0
a2,0,7,2406.2854500736453,,
a0,1,B1,2407.428806464959,1.0,
a1,1,4,2409.1213194799966,1.0,
a0,1,1,2411.428806464959,1.0,
a1,2,4,2412.1213194799966,1.0,3.0
a0,0,1,2415.428806464959,,
a1,1,5,2417.1213194799966,1.0,
a1,2,5,2428.1213194799966,1.0,7.0
a1,1,6,2433.1213194799966,1.0,
a1,2,6,2437.1213194799966,1.0,8.0
a1,1,7,2442.1213194799966,1.0,
a2,1,8,2446.824533320717,1.0,
a1,1,6,2449.1213194799966,-1.0,
a2,1,9,2450.824533320717,1.0,
a1,1,5,2453.1213194799966,-1.0,
a2,1,10,2454.824533320717,1.0,
a1,1,4,2457.1213194799966,-1.0,
a2,1,11,2458.824533320717,1.0,
a1,1,3,2461.1213194799966,-1.0,
a2,1,12,2462.824533320717,1.0,
a1,2,3,2463.1213194799966,-1.0,1.0
a2,1,13,2466.824533320717,1.0,
a1,1,2,2468.1213194799966,-1.0,
a2,2,13,2469.824533320717,1.0,1.0
a1,1,1,2472.1213194799966,-1.0,
a2,1,14,2474.824533320717,1.0,
a1,0,1,2475.1213194799966,,
a2,2,14,2477.824533320717,1.0,0.0
a2,0,14,2478.824533320717,,
a1,1,2,2483.576516493637,1.0,
a2,1,13,2485.813932765216,-1.0,
a1,1,3,2487.576516493637,1.0,
a2,1,12,2489.813932765216,-1.0,
a1,1,4,2491.576516493637,1.0,
a1,2,4,2492.576516493637,1.0,0.0
a1,2,4,2493.576516493637,-1.0,1.0
a2,1,11,2493.813932765216,-1.0,
a2,1,10,2497.813932765216,-1.0,
a1,1,3,2498.576516493637,-1.0,
a2,1,9,2501.813932765216,-1.0,
a1,1,2,2502.576516493637,-1.0,
a2,1,8,2505.813932765216,-1.0,
a1,1,1,2506.576516493637,-1.0,
a2,2,8,2508.813932765216,-1.0,1.0
a0,1,B1,2509.155823190611,-1.0,
a1,0,1,2509.576516493637,,
a0,1,B2,2513.155823190611,-1.0,
a2,1,7,2513.813932765216,-1.0,
a0,1,B3,2517.155823190611,-1.0,
a0,2,B3,2519.155823190611,-1.0,1.0
a2,1,8,2520.813932765216,1.0,
a0,1,B4,2524.155823190611,-1.0,
a2,1,9,2524.813932765216,1.0,
a0,0,B4,2528.155823190611,,
a2,1,10,2528.813932765216,1.0,
a2,1,11,2532.813932765216,1.0,
a2,2,11,2535.813932765216,1.0,1.0
a2,1,12,2540.813932765216,1.0,
a2,1,13,2544.813932765216,1.0,
a2,1,14,2548.813932765216,1.0,
a2,1,15,2552.813932765216,1.0,
a2,0,15,2555.813932765216,,
a1,1,2,2572.0325312874497,1.0,
a1,1,3,2576.0325312874497,1.0,
a1,1,4,2581.4014863827797,1.0,
a1,2,4,2584.4014863827797,1.0,1.0
a1,1,5,2589.4014863827797,1.0,
a1,1,6,2593.4014863827797,1.0,
a1,2,6,2595.4014863827797,1.0,2.0
a2,1,14,2597.0224077758967,-1.0,
a1,1,7,2600.4014863827797,1.0,
a1,0,7,2606.4014863827797,,
a2,2,14,2608.0224077758967,-1.0,7.0
a2,1,13,2613.0224077758967,-1.0,
a0,2,B4,2619.3380218190073,1.0,1.0
a2,2,13,2621.0224077758967,-1.0,9.0
a0,1,B3,2624.3380218190073,1.0,
a2,1,12,2626.0224077758967,-1.0,
a0,1,B2,2628.3380218190073,1.0,
a2,1,11,2630.0224077758967,-1.0,
a0,1,B1,2632.3380218190073,1.0,
a2,1,10,2634.0224077758967,-1.0,
a0,1,1,2636.3380218190073,1.0,
a2,1,9,2638.0224077758967,-1.0,
a0,0,1,2639.3380218190073,,
a2,1,8,2642.0224077758967,-1.0,
a2,1,7,2646.0224077758967,-1.0,
a2,1,8,2655.0224077758967,1.0,
a2,1,9,2659.0224077758967,1.0,
a2,1,10,2663.0224077758967,1.0,
a2,1,11,2667.0224077758967,1.0,
a2,1,12,2671.0224077758967,1.0,
a2,1,13,2675.0224077758967,1.0,
a2,1,14,2679.0224077758967,1.0,
a2,2,14,2681.0224077758967,1.0,1.0
a2,1,15,2686.0224077758967,1.0,
a2,1,14,2693.0224077758967,-1.0,
a2,1,13,2697.0224077758967,-1.0,
a1,1,6,2698.3431281276,-1.0,
a2,1,12,2701.0224077758967,-1.0,
a1,1,5,2702.3431281276,-1.0,
a0,1,B1,2704.824646999731,-1.0,
a2,1,11,2705.0224077758967,-1.0,
a1,1,4,2706.3431281276,-1.0,
a2,1,10,2709.0224077758967,-1.0,
a1,1,3,2710.3431281276,-1.0,
a2,2,10,2711.0224077758967,-1.0,1.0
a0,1,B2,2711.690349808502,-1.0,
a1,2,3,2712.3431281276,-1.0,1.0
a0,1,B3,2715.690349808502,-1.0,
a2,1,9,2716.0224077758967,-1.0,
a1,1,2,2717.3431281276,-1.0,
a0,1,B4,2719.690349808502,-1.0,
a2,1,8,2720.0224077758967,-1.0,
a1,1,1,2721.3431281276,-1.0,
a0,2,B4,2721.690349808502,1.0,1.0
a2,2,8,2723.0224077758967,-1.0,2.0
a1,0,1,2724.3431281276,,
a0,1,B3,2726.690349808502,1.0,
a2,1,7,2728.0224077758967,-1.0,
a0,2,B3,2729.690349808502,1.0,2.0
a2,0,7,2733.0224077758967,,
a0,1,B2,2734.690349808502,1.0,
a0,1,B1,2738.690349808502,1.0,
a0,1,1,2742.690349808502,1.0,
a0,0,1,2746.690349808502,,
a2,1,8,2758.1039280485984,1.0,
a2,2,8,2760.1039280485984,1.0,1.0
a2,1,9,2765.1039280485984,1.0,
a2,1,10,2769.1039280485984,1.0,
a2,1,11,2773.1039280485984,1.0,
a2,1,12,2777.1039280485984,1.0,
a2,1,13,2781.1039280485984,1.0,
a2,1,14,2785.1039280485984,1.0,
a2,2,14,2787.1039280485984,1.0,0.0
a2,1,13,2792.1039280485984,-1.0,
a2,1,12,2796.1039280485984,-1.0,
a2,1,11,2800.1039280485984,-1.0,
a2,1,10,2804.1039280485984,-1.0,
a2,1,9,2808.1039280485984,-1.0,
a2,1,8,2812.1039280485984,-1.0,
a2,2,8,2814.1039280485984,-1.0,1.0
a2,1,7,2819.1039280485984,-1.0,
a2,0,7,2822.1039280485984,,
a0,1,B1,2873.2467442456964,-1.0,
a0,1,B2,2877.2467442456964,-1.0,
a0,1,B3,2881.2467442456964,-1.0,
a0,1,B4,2885.2467442456964,-1.0,
a0,2,B4,2887.2467442456964,1.0,1.0
a0,1,B3,2892.2467442456964,1.0,
a2,1,8,2892.7940470523877,1.0,
a2,2,8,2893.7940470523877,1.0,0.0
a2,2,8,2894.7940470523877,-1.0,1.0
a0,1,B2,2896.2467442456964,1.0,
a2,1,7,2899.7940470523877,-1.0,
a0,1,B1,2900.2467442456964,1.0,
a2,0,7,2903.7940470523877,,
a0,1,1,2904.2467442456964,1.0,
a0,0,1,2908.2467442456964,,
a1,1,2,2931.969806100696,1.0,
a1,1,3,2935.969806100696,1.0,
a1,1,4,2939.969806100696,1.0,
a1,2,4,2942.969806100696,1.0,1.0
a1,1,5,2947.969806100696,1.0,
a1,1,6,2951.969806100696,1.0,
a1,1,7,2955.969806100696,1.0,
a1,1,6,2963.969806100696,-1.0,
a1,1,5,2967.969806100696,-1.0,
a1,1,4,2971.969806100696,-1.0,
a1,1,3,2975.969806100696,-1.0,
a1,2,3,2978.969806100696,-1.0,2.0
a2,1,8,2982.570441892311,1.0,
a1,1,2,2983.969806100696,-1.0,
a2,2,8,2984.570441892311,1.0,1.0
a1,1,1,2987.969806100696,-1.0,
a2,1,9,2989.570441892311,1.0,
a2,1,10,2993.570441892311,1.0,
a2,1,11,2997.570441892311,1.0,
a1,1,2,2997.969806100696,1.0,
a2,1,12,3001.570441892311,1.0,
a1,1,3,3001.969806100696,1.0,
a1,2,3,3004.969806100696,1.0,1.0
a2,1,13,3005.570441892311,1.0,
a2,1,14,3009.570441892311,1.0,
a1,1,4,3009.969806100696,1.0,
a2,2,14,3012.570441892311,1.0,0.0
a2,0,14,3013.570441892311,,
a1,1,5,3013.969806100696,1.0,
a1,1,6,3017.969806100696,1.0,
a1,1,7,3021.969806100696,1.0,
a1,0,7,3025.969806100696,,
a0,1,B1,3034.88798720688,-1.0,
a0,1,B2,3038.88798720688,-1.0,
a0,1,B3,3042.88798720688,-1.0,
a0,2,B3,3044.88798720688,-1.0,1.0
a1,1,6,3045.474613311884,-1.0,
a1,1,5,3049.474613311884,-1.0,
a0,1,B4,3049.88798720688,-1.0,
a2,1,13,3053.0814610953166,-1.0,
a1,1,4,3053.474613311884,-1.0,
a2,2,13,3055.0814610953166,-1.0,1.0
a1,1,3,3057.474613311884,-1.0,
a0,1,B3,3057.88798720688,1.0,
a1,2,3,3058.474613311884,-1.0,0.0
a1,2,3,3059.474613311884,1.0,1.0
a0,2,B3,3059.88798720688,1.0,1.0
a2,1,12,3060.0814610953166,-1.0,
a2,1,11,3064.0814610953166,-1.0,
a1,1,4,3064.474613311884,1.0,
a0,1,B2,3064.88798720688,1.0,
a2,1,10,3068.0814610953166,-1.0,
a1,1,5,3068.474613311884,1.0,
a0,1,B1,3068.88798720688,1.0,
a2,1,9,3072.0814610953166,-1.0,
a1,1,6,3072.474613311884,1.0,
a0,1,1,3072.88798720688,1.0,
a2,1,8,3076.0814610953166,-1.0,
a1,1,7,3076.474613311884,1.0,
a2,1,7,3080.0814610953166,-1.0,
a0,1,B1,3080.88798720688,-1.0,
a2,0,7,3083.0814610953166,,
a1,1,6,3084.474613311884,-1.0,
a0,1,B2,3084.88798720688,-1.0,
a1,1,5,3088.474613311884,-1.0,
a0,1,B3,3088.88798720688,-1.0,
a1,1,4,3092.474613311884,-1.0,
a0,1,B4,3092.88798720688,-1.0,
a1,2,4,3093.474613311884,-1.0,0.0
a1,2,4,3094.474613311884,1.0,1.0
a0,2,B4,3094.88798720688,1.0,1.0
a2,1,8,3097.6542552926303,1.0,
a2,2,8,3098.6542552926303,1.0,0.0
a1,1,5,3099.474613311884,1.0,
a2,2,8,3099.6542552926303,-1.0,1.0
a0,1,B3,3099.88798720688,1.0,
a1,1,6,3103.474613311884,1.0,
a0,1,B2,3103.88798720688,1.0,
a2,1,7,3104.6542552926303,-1.0,
a1,1,7,3107.474613311884,1.0,
a2,0,7,3107.6542552926303,,
a0,1,B1,3107.88798720688,1.0,
a0,1,1,3111.88798720688,1.0,
a0,0,1,3114.88798720688,,
a1,1,6,3115.474613311884,-1.0,
a1,1,5,3119.474613311884,-1.0,
a1,1,4,3123.474613311884,-1.0,
a1,2,4,3126.474613311884,-1.0,1.0
a2,1,8,3129.128420555223,1.0,
a1,1,3,3131.474613311884,-1.0,
a2,1,9,3133.128420555223,1.0,
a1,1,2,3135.474613311884,-1.0,
a2,2,9,3136.128420555223,1.0,1.0
a1,1,1,3139.474613311884,-1.0,
a2,1,10,3141.128420555223,1.0,
a1,0,1,3143.474613311884,,
a2,1,11,3145.128420555223,1.0,
a2,1,12,3149.128420555223,1.0,
a2,2,12,3152.128420555223,1.0,0.0
a2,0,12,3153.128420555223,,
a2,1,11,3160.6513196899314,-1.0,
a2,2,11,3186.6513196899314,-1.0,17.0
a2,1,10,3191.6513196899314,-1.0,
a2,2,10,3194.6513196899314,-1.0,16.0
a2,1,9,3199.6513196899314,-1.0,
a2,1,8,3203.6513196899314,-1.0,
a2,1,7,3207.6513196899314,-1.0,
a2,1,8,3218.6513196899314,1.0,
a2,1,9,3222.6513196899314,1.0,
a2,1,10,3226.6513196899314,1.0,
a2,1,11,3230.6513196899314,1.0,
a2,2,11,3232.6513196899314,1.0,1.0
a2,1,12,3237.6513196899314,1.0,
a2,1,13,3241.6513196899314,1.0,
a2,1,14,3245.6513196899314,1.0,
a2,2,14,3248.6513196899314,1.0,0.0
a2,0,14,3249.6513196899314,,
a1,1,2,3269.411430783866,1.0,
a1,1,3,3273.411430783866,1.0,
a1,2,3,3276.411430783866,1.0,1.0
a1,1,4,3281.411430783866,1.0,
a1,1,5,3285.411430783866,1.0,
a2,1,15,3294.815301289019,1.0,
a2,2,15,3296.815301289019,-1.0,1.0
a1,2,5,3298.411430783866,1.0,7.0
a2,1,14,3301.815301289019,-1.0,
a1,1,6,3303.411430783866,1.0,
a0,1,B1,3304.494563959369,-1.0,
a2,1,13,3305.815301289019,-1.0,
a1,2,6,3306.411430783866,1.0,6.0
a0,1,B2,3308.494563959369,-1.0,
a2,1,12,3309.815301289019,-1.0,
a1,1,7,3311.411430783866,1.0,
a0,1,B3,3312.494563959369,-1.0,
a2,1,11,3313.815301289019,-1.0,
a1,0,7,3315.411430783866,,
a0,2,B3,3315.494563959369,-1.0,1.0
a2,1,10,3317.815301289019,-1.0,
a0,1,B4,3320.494563959369,-1.0,
a2,1,9,3321.815301289019,-1.0,
a0,0,B4,3324.494563959369,,
a2,1,8,3325.815301289019,-1.0,
a2,1,7,3329.815301289019,-1.0,
a2,0,7,3333.815301289019,,
a1,1,6,3339.608928493745,-1.0,
a1,1,5,3343.608928493745,-1.0,
a2,1,8,3344.251573654861,1.0,
a1,1,4,3347.608928493745,-1.0,
a2,1,9,3348.251573654861,1.0,
a1,2,4,3349.608928493745,-1.0,1.0
a2,1,10,3352.251573654861,1.0,
a1,1,3,3354.608928493745,-1.0,
a2,1,11,3356.251573654861,1.0,
a1,1,2,3358.608928493745,-1.0,
a2,1,12,3360.251573654861,1.0,
a0,2,B4,3361.046895322828,1.0,1.0
a1,1,1,3362.608928493745,-1.0,
a2,1,13,3364.251573654861,1.0,
a1,0,1,3365.608928493745,,
a0,1,B3,3366.046895322828,1.0,
a2,1,14,3368.251573654861,1.0,
a0,1,B2,3370.046895322828,1.0,
a2,2,14,3371.251573654861,1.0,1.0
a0,1,B1,3374.046895322828,1.0,
a2,1,15,3376.251573654861,1.0,
a0,1,1,3378.046895322828,1.0,
a2,0,15,3379.251573654861,,
a0,0,1,3381.046895322828,,
a1,1,2,3410.9788016843404,1.0,
a1,1,3,3414.9788016843404,1.0,
a0,1,B1,3415.665663897956,-1.0,
a1,1,4,3418.9788016843404,1.0,
a0,1,B2,3419.665663897956,-1.0,
a1,2,4,3420.9788016843404,1.0,1.0
a0,1,B3,3423.665663897956,-1.0,
a1,1,5,3425.9788016843404,1.0,
a0,1,B4,3427.665663897956,-1.0,
a1,1,6,3429.9788016843404,1.0,
a0,2,B4,3430.665663897956,1.0,1.0
a1,1,7,3433.9788016843404,1.0,
a0,1,B3,3435.665663897956,1.0,
a1,0,7,3437.9788016843404,,
a0,1,B2,3439.665663897956,1.0,
a0,1,B1,3443.665663897956,1.0,
a0,1,1,3447.665663897956,1.0,
a0,0,1,3451.665663897956,,
a0,1,B1,3517.018320781304,-1.0,
a0,1,B2,3521.018320781304,-1.0,
a1,1,6,3523.95006135831,-1.0,
a0,1,B3,3525.018320781304,-1.0,
a0,1,B4,3529.018320781304,-1.0,
a0,2,B4,3531.018320781304,1.0,1.0
a0,1,B3,3536.018320781304,1.0,
a0,1,B2,3540.018320781304,1.0,
a1,2,6,3541.95006135831,-1.0,10.0
a0,1,B1,3544.018320781304,1.0,
a1,1,5,3546.95006135831,-1.0,
a0,1,1,3548.018320781304,1.0,
a0,0,1,3552.018320781304,,
a1,2,5,3566.95006135831,-1.0,19.0
a1,1,4,3571.95006135831,-1.0,
a1,2,4,3577.95006135831,-1.0,17.0
a1,1,3,3582.95006135831,-1.0,
a1,2,3,3589.95006135831,-1.0,15.0
a1,1,2,3594.95006135831,-1.0,
